Gene,Length,RPF,mRNA,uATG,Chromosome,Size
YDR145W,539,62.47,76.43,TRUE,Chr-1,0.6
YCR095C,362,20.37,36.16,FALSE,Chr-3,0.75
YIL142W,527,288.93,289.87,TRUE,Chr4,0.75
YOR018W,837,15.79,25.05,FALSE,Chr-2,0.51
YKR065C,197,170.89,129.91,FALSE,Chr4,0.69
YEL022W,1459,40.81,94.38,FALSE,Chr-3,0.74
YPL163C,260,194.5,105.43,TRUE,Chr-1,0.57
YNL237W,459,6.75,7.61,FALSE,Chr-1,0.58
YJR013W,403,33.15,45.55,FALSE,Chr-1,0.76
YML086C,526,149.07,119.48,TRUE,Chr-2,0.51
YPL108W,168,33.05,21.09,FALSE,Chr-1,0.65
YNL274C,350,35.71,28.4,FALSE,Chr-1,0.57
YPL166W,213,12.87,14.33,FALSE,Chr-3,0.68
YMR285C,515,31.36,35.74,TRUE,Chr-2,0.58
YOR044W,157,14.11,19.44,TRUE,Chr-1,0.56
YPR020W,115,183.72,83.88,TRUE,Chr-2,0.72
YOR275C,661,12.93,42.66,TRUE,Chr4,0.78
YLR019W,397,34.79,62.36,FALSE,Chr4,0.73
YDL059C,238,13.01,15.92,FALSE,Chr4,0.5
YNL327W,1041,223.14,249.48,FALSE,Chr-2,0.5
YCR024C,492,8.11,13.5,TRUE,Chr-3,0.55
YOL116W,382,22.12,35.3,FALSE,Chr-3,0.66
YGR125W,1036,22.03,47.08,TRUE,Chr-2,0.61
YMR134W,237,47.16,38.42,TRUE,Chr-2,0.59
YAL046C,118,114.48,106.35,FALSE,Chr-3,0.68
YGL107C,646,27.29,45.56,TRUE,Chr-3,0.69
YDR264C,764,84.46,169.93,TRUE,Chr-1,0.65
YBL069W,429,50.64,44.74,FALSE,Chr4,0.57
YBR073W,958,32.54,79.83,FALSE,Chr-3,0.5
YJL094C,873,14.16,32.75,FALSE,Chr4,0.73
YPL167C,1504,0.72,11.88,FALSE,Chr-2,0.67
YDR181C,481,13.51,24.25,TRUE,Chr-1,0.54
YNL156C,299,46.24,64.19,FALSE,Chr-3,0.79
YML012W,211,477.79,479.09,TRUE,Chr-2,0.79
YMR058W,636,529.69,687.39,TRUE,Chr4,0.79
YBL009W,676,25.48,33.42,TRUE,Chr-1,0.68
YGL154C,272,6.19,19,TRUE,Chr-3,0.58
YML017W,593,116.82,102.75,FALSE,Chr4,0.51
YDR461W,36,1595.65,474.38,FALSE,Chr-2,0.67
YDR168W,506,194.5,153.38,TRUE,Chr-3,0.56
YJL180C,325,23.19,32.41,FALSE,Chr4,0.62
YML077W,159,60.27,72.43,TRUE,Chr-1,0.65
YOR025W,447,34.56,68.37,FALSE,Chr-2,0.64
YOR160W,972,22.91,37.87,TRUE,Chr4,0.58
YGR193C,410,101.25,81.27,FALSE,Chr-2,0.51
YKR076W,370,14.18,21.28,FALSE,Chr-2,0.55
YMR223W,471,20.52,35.42,FALSE,Chr4,0.7
YNL224C,767,30.1,36.06,TRUE,Chr4,0.6
YOL036W,761,18.01,56.52,TRUE,Chr-2,0.65
YMR150C,190,36.66,61.65,TRUE,Chr-3,0.74
YLR220W,322,72.07,66.94,FALSE,Chr-3,0.65
YDL104C,407,6.8,8.83,FALSE,Chr4,0.75
YKL179C,679,41,68.93,FALSE,Chr-2,0.67
YDR092W,153,251.75,142.18,FALSE,Chr4,0.53
YDR057W,542,27.05,28.15,FALSE,Chr-1,0.62
YKR049C,133,45.45,59.95,TRUE,Chr-2,0.72
YKL029C,669,171.17,176.85,TRUE,Chr-2,0.7
YJR019C,349,15.41,16.22,FALSE,Chr-3,0.73
YJL070C,888,7.23,17.9,FALSE,Chr-3,0.65
YJL186W,586,119.8,137.99,TRUE,Chr-3,0.68
YBR239C,529,5.63,13.86,FALSE,Chr4,0.5
YER177W,267,1767.18,1289.55,TRUE,Chr-3,0.68
YOL094C,323,61.5,47.69,TRUE,Chr-2,0.59
YDR002W,201,1460.05,885.87,TRUE,Chr-1,0.64
YPL271W,62,464.82,277.83,TRUE,Chr-2,0.76
YNL042W,396,6.33,16.41,FALSE,Chr-2,0.64
YGL181W,396,94.63,67.24,FALSE,Chr-3,0.61
YKR010C,771,12.34,27.9,FALSE,Chr-3,0.67
YNL052W,153,204.24,109.37,TRUE,Chr-3,0.51
YFR032CA,59,8843.7,4350.12,TRUE,Chr-1,0.76
YEL026W,126,1017.88,728.46,TRUE,Chr-3,0.55
YML016C,692,25.34,39.97,FALSE,Chr-1,0.52
YGR141W,467,34.5,27.82,FALSE,Chr4,0.61
YBR279W,445,71.63,77.53,TRUE,Chr-3,0.74
YOR118W,567,17.6,32.29,FALSE,Chr-1,0.56
YFR034C,312,72.37,72.56,TRUE,Chr-2,0.58
YPR125W,454,54.26,46.18,TRUE,Chr-3,0.73
YPR159W,720,116.34,149.22,FALSE,Chr-2,0.71
YER145C,404,283.31,305.4,TRUE,Chr-2,0.7
YHR146W,465,248.31,163.1,TRUE,Chr4,0.53
YDR065W,365,7.35,19.28,FALSE,Chr4,0.59
YHR176W,432,3.42,6.38,FALSE,Chr4,0.69
YNL322C,313,201.43,202.84,TRUE,Chr-1,0.61
YMR315W,349,285,216.89,TRUE,Chr-1,0.76
YGR056W,928,21.11,32.62,FALSE,Chr-2,0.77
YOR246C,330,44.35,107.83,TRUE,Chr4,0.57
YMR049C,807,133.96,124.17,TRUE,Chr-2,0.68
YGR275W,157,133.25,81.5,TRUE,Chr-1,0.52
YMR292W,138,126.62,128.03,TRUE,Chr4,0.71
YBR123C,649,23.67,31.17,FALSE,Chr-2,0.61
YJR121W,511,488.03,634.21,FALSE,Chr-1,0.59
YNL247W,767,205.18,231.25,FALSE,Chr-2,0.69
YJL133W,314,25.46,51.41,TRUE,Chr-2,0.58
YCL036W,566,12.42,29.74,FALSE,Chr-3,0.77
YBR066C,220,58.19,48.1,FALSE,Chr-1,0.72
YBL088C,2787,1.59,20.5,FALSE,Chr-3,0.8
YLR246W,359,3.88,15.63,TRUE,Chr-3,0.54
YBR105C,362,21.48,31,TRUE,Chr4,0.76
YPL047W,99,30.43,44.24,FALSE,Chr4,0.63
YNL149C,129,355.04,313.22,TRUE,Chr4,0.7
YER061C,442,18.38,35.3,TRUE,Chr4,0.8
YLR309C,911,29.23,53.05,FALSE,Chr4,0.56
YDR030C,506,4.3,8.07,FALSE,Chr4,0.58
YOR215C,185,73.93,57.46,FALSE,Chr-3,0.69
YGR019W,471,77.96,70.95,TRUE,Chr-2,0.53
YOR284W,243,17.12,25.52,FALSE,Chr-1,0.6
YGR214W,252,3196.29,2501.77,TRUE,Chr-1,0.79
YNL116W,522,30.43,33.56,FALSE,Chr-2,0.55
YDR027C,889,16.78,36.98,TRUE,Chr-1,0.51
YJL124C,172,206.35,197.43,FALSE,Chr-3,0.79
YDR499W,747,6.91,19.04,FALSE,Chr-1,0.5
YJL065C,167,50.67,62.48,FALSE,Chr-2,0.54
YBL035C,705,26.96,37,FALSE,Chr-3,0.5
YLR218C,150,35.85,25.92,FALSE,Chr-2,0.76
YOL065C,384,20.79,23.71,TRUE,Chr-1,0.78
YHR050W,549,29.95,51.64,FALSE,Chr-3,0.54
YPL042C,555,10.05,30.06,FALSE,Chr-1,0.51
YHR156C,340,10.6,12.3,TRUE,Chr4,0.8
YLL019C,737,11.58,33.72,TRUE,Chr-2,0.64
YNL248C,415,167.44,152.27,FALSE,Chr-2,0.59
YOL081W,3079,9.77,69.58,FALSE,Chr-1,0.59
YGR165W,345,46.1,56.21,FALSE,Chr4,0.69
YHR182W,785,6.65,20.81,FALSE,Chr-2,0.51
YML092C,250,310.66,221.07,FALSE,Chr-1,0.76
YCR048W,610,47.98,84.8,TRUE,Chr-3,0.5
YLR264W,67,3650.23,1801.13,TRUE,Chr4,0.68
YOL130W,859,27.46,69.84,TRUE,Chr4,0.65
YBR194W,123,28.6,38.01,FALSE,Chr-3,0.8
YBL071WA,82,166.8,112.23,TRUE,Chr-2,0.62
YDL130W,106,4415.3,3547.21,TRUE,Chr4,0.7
YOR176W,393,126.19,113.33,FALSE,Chr-3,0.62
YJL170C,209,18.72,17.43,FALSE,Chr-1,0.54
YOR051C,412,122.58,131.28,TRUE,Chr-1,0.63
YNL317W,465,21.78,30.38,TRUE,Chr-1,0.54
YCR094W,391,48.25,68.1,TRUE,Chr-1,0.52
YER169W,796,12.14,24.55,FALSE,Chr-1,0.65
YDR073W,169,25,65.23,TRUE,Chr-3,0.52
YNL004W,454,70.46,62.12,TRUE,Chr-2,0.52
YKL086W,127,9.39,5.43,FALSE,Chr-2,0.53
YMR077C,221,25.07,25.61,TRUE,Chr4,0.7
YCR053W,514,629.82,504.79,TRUE,Chr-3,0.7
YNL069C,198,6241.33,4611.32,TRUE,Chr-3,0.76
YDR307W,662,30.33,41.19,TRUE,Chr-1,0.65
YBR293W,474,2.84,19.31,TRUE,Chr-2,0.74
YLR068W,151,82.98,30.31,TRUE,Chr4,0.5
YGR167W,233,470.16,281.98,TRUE,Chr-2,0.69
YJR053W,574,11.57,19.98,FALSE,Chr4,0.78
YNL068C,862,20.05,35.97,FALSE,Chr4,0.74
YKL213C,715,45.47,58.99,TRUE,Chr-3,0.76
YDL119C,307,18.42,18.6,FALSE,Chr4,0.58
YJR139C,359,912.88,737.68,TRUE,Chr4,0.77
YOR061W,339,105.58,107.29,FALSE,Chr-2,0.65
YGL220W,120,192.86,168.56,FALSE,Chr-1,0.64
YGR208W,309,138.28,126.3,FALSE,Chr-3,0.62
YPR081C,618,10.42,20.39,TRUE,Chr4,0.73
YJL126W,307,16.78,19.72,TRUE,Chr4,0.75
YJL081C,489,47.29,83.54,TRUE,Chr4,0.66
YJR070C,325,536.29,335.57,TRUE,Chr-1,0.54
YBR233W,413,28.52,21.93,FALSE,Chr-1,0.73
YNL311C,763,8.42,18.77,FALSE,Chr-2,0.73
YDR310C,1062,22.32,61.5,FALSE,Chr-2,0.62
YDR206W,884,16.31,60.74,FALSE,Chr-3,0.56
YGL126W,380,25.05,62.81,FALSE,Chr-2,0.64
YPR045C,470,42.18,54.66,TRUE,Chr-2,0.7
YOR370C,603,52.17,125.04,FALSE,Chr-3,0.78
YBR235W,1120,11.45,37.44,TRUE,Chr-3,0.7
YMR108W,687,447.12,424.1,TRUE,Chr4,0.78
YOR280C,266,56.68,46.62,FALSE,Chr-2,0.63
YPL202C,416,27.33,34.43,TRUE,Chr-1,0.57
YBR166C,452,64.6,55.64,TRUE,Chr-2,0.73
YHR184W,571,3.06,3.45,FALSE,Chr-1,0.62
YGL175C,345,5.15,16.69,FALSE,Chr-2,0.63
YNL283C,503,22.98,64.87,TRUE,Chr4,0.7
YHR120W,959,9.36,29.2,FALSE,Chr-3,0.64
YBL051C,668,77.82,97.1,TRUE,Chr-1,0.65
YPL098C,113,239.73,135.02,FALSE,Chr4,0.51
YPL268W,869,5.94,23.45,FALSE,Chr4,0.66
YGL099W,640,118.29,121.12,TRUE,Chr-3,0.61
YBL095W,270,8.64,42.65,TRUE,Chr-3,0.64
YGR157W,869,109.94,347.79,TRUE,Chr-1,0.6
YOL040C,142,7908.97,5054.96,TRUE,Chr-2,0.65
YMR218C,1102,12.43,31.13,FALSE,Chr-3,0.62
YGL226CA,86,201.6,116.74,FALSE,Chr-1,0.57
YNL223W,494,7.37,13.45,TRUE,Chr-1,0.74
YDL198C,300,68.53,58.4,FALSE,Chr-1,0.52
YPL094C,274,192.88,217.34,TRUE,Chr-3,0.56
YDR453C,196,27.34,27.87,FALSE,Chr-3,0.76
YBR151W,316,83.14,116.03,TRUE,Chr-1,0.51
YHR026W,213,314.13,352.36,TRUE,Chr4,0.79
YDR370C,442,12.9,36.3,FALSE,Chr-1,0.75
YPL089C,676,9.49,20.31,TRUE,Chr4,0.73
YPL139C,460,37.17,26.43,FALSE,Chr-2,0.75
YER087CB,82,553.17,353.51,FALSE,Chr4,0.57
YGR060W,309,728.93,606.19,TRUE,Chr4,0.58
YLR271W,274,8.68,14.37,FALSE,Chr4,0.78
YDR022C,196,15.04,25.61,FALSE,Chr-3,0.73
YIL087C,157,30.46,22.88,TRUE,Chr4,0.66
YJR068W,353,58.88,74.59,FALSE,Chr4,0.77
YFL034CA,122,522.52,328.37,TRUE,Chr-2,0.6
YHL014C,405,11.33,16.41,TRUE,Chr-1,0.76
YOR306C,521,11.95,35.33,FALSE,Chr-2,0.74
YGR099W,688,12.08,30.97,TRUE,Chr-3,0.67
YER001W,762,54.29,76.21,FALSE,Chr-3,0.75
YER176W,1121,26.75,40.13,FALSE,Chr4,0.73
YNL133C,173,24.01,21.34,FALSE,Chr4,0.55
YLL004W,616,17.38,26.21,TRUE,Chr-3,0.5
YOR272W,460,126.93,109.45,TRUE,Chr-1,0.68
YKR039W,602,9.38,13.82,FALSE,Chr-1,0.71
YHR049W,243,163.18,126.38,TRUE,Chr-2,0.59
YLR102C,265,27.16,19.5,TRUE,Chr-1,0.76
YKL135C,726,37.91,63.79,TRUE,Chr-1,0.66
YHR006W,541,30.41,35.02,FALSE,Chr-3,0.54
YFR043C,237,20.83,17.44,FALSE,Chr-1,0.76
YMR189W,1034,99.64,173.21,FALSE,Chr-1,0.53
YER083C,285,110.53,102.23,TRUE,Chr-2,0.53
YML011C,177,23.28,29.47,FALSE,Chr-1,0.58
YPL176C,783,27.92,46.64,FALSE,Chr-2,0.76
YJR043C,350,31.14,34.45,FALSE,Chr-1,0.65
YOR115C,268,40.18,55.09,TRUE,Chr4,0.78
YDL036C,462,17.01,33.24,TRUE,Chr-2,0.76
YGL164C,440,26.43,24.38,TRUE,Chr-1,0.53
YOR191W,1619,12.21,42.86,TRUE,Chr-2,0.51
YPR176C,325,47.05,45.28,TRUE,Chr-3,0.61
YJR050W,235,36.75,34.76,TRUE,Chr-1,0.7
YNL325C,879,8.6,18.31,TRUE,Chr4,0.6
YIL118W,231,151.32,108.23,FALSE,Chr-1,0.73
YBR230WA,66,65.67,27.59,FALSE,Chr-2,0.55
YGR048W,361,46.36,48.67,TRUE,Chr-1,0.78
YNR046W,135,242.27,135.25,FALSE,Chr-3,0.75
YOR250C,445,27.84,37.05,TRUE,Chr-3,0.64
YEL064C,480,7.87,15.07,FALSE,Chr4,0.59
YDL048C,490,2.21,3.41,TRUE,Chr-1,0.78
YNL189W,542,315.36,258.79,TRUE,Chr-3,0.5
YPL051W,198,31.74,31.32,TRUE,Chr4,0.8
YBR005W,213,16.09,23.8,TRUE,Chr-3,0.7
YKL198C,662,11.22,32.41,FALSE,Chr-2,0.5
YDR173C,355,19.67,28.42,FALSE,Chr-1,0.74
YLR368W,598,6.93,27.73,FALSE,Chr4,0.65
YDR519W,135,226.82,168.43,FALSE,Chr4,0.73
YDR318W,368,9.6,15.38,FALSE,Chr4,0.56
YOR120W,312,15.03,24.92,TRUE,Chr4,0.5
YPL099C,182,41.47,35.96,FALSE,Chr-2,0.7
YCL024W,1037,8.5,26.34,FALSE,Chr-2,0.57
YLR356W,197,36.47,32.98,FALSE,Chr-2,0.7
YLR287C,355,60.17,73.2,TRUE,Chr-2,0.75
YCR065W,564,35.6,59.25,FALSE,Chr-2,0.8
YMR256C,60,278.06,111.55,TRUE,Chr-2,0.78
YNL172W,1748,5.3,21.51,FALSE,Chr-3,0.59
YCR060W,111,78.86,82.03,TRUE,Chr-2,0.52
YMR171C,550,18.82,53.24,TRUE,Chr-1,0.57
YOL077C,291,225.5,218.68,FALSE,Chr-3,0.6
YNL029C,522,7.93,26.68,FALSE,Chr4,0.78
YHR011W,446,12.42,19.75,TRUE,Chr-3,0.65
YIR038C,234,74.45,66.04,TRUE,Chr-3,0.75
YKL051W,353,10.76,13.11,FALSE,Chr-2,0.78
YMR228W,341,22.17,30.6,TRUE,Chr-2,0.55
YDR320C,668,33.93,40.37,FALSE,Chr-1,0.57
YJL177W,184,2396.62,1732.7,TRUE,Chr4,0.56
YJL210W,271,16.93,52.12,TRUE,Chr-2,0.51
YMR123W,122,230.96,173.06,TRUE,Chr-1,0.79
YOR380W,546,2.62,12.71,FALSE,Chr-1,0.59
YIR034C,373,96.79,56.87,TRUE,Chr-3,0.63
YML109W,942,14.89,23.82,TRUE,Chr-1,0.78
YMR205C,959,1000.2,1026.18,TRUE,Chr-1,0.57
YLL029W,749,62.09,103.42,TRUE,Chr4,0.65
YCL029C,440,28.08,33.44,TRUE,Chr4,0.75
YBR253W,121,43.91,72.81,FALSE,Chr-3,0.75
YLR395C,78,363.08,167.84,FALSE,Chr-2,0.56
YKL022C,840,18.89,34.86,FALSE,Chr4,0.59
YLR071C,1082,24.76,59.68,FALSE,Chr-3,0.55
YPL028W,398,686.72,559.67,TRUE,Chr-2,0.58
YLR067C,965,4.91,22.03,FALSE,Chr-1,0.72
YNL061W,618,155.53,159.51,FALSE,Chr-3,0.5
YGR017W,297,63.07,95.28,FALSE,Chr-3,0.64
YDR395W,944,120.63,157.45,TRUE,Chr-2,0.71
YJL154C,944,39.17,82.43,TRUE,Chr4,0.71
YLR328W,401,70.54,84.32,TRUE,Chr-1,0.55
YGL215W,452,28.88,166.16,FALSE,Chr-2,0.51
YOR085W,350,135.84,141.88,TRUE,Chr4,0.72
YOL019W,551,37.28,51.45,FALSE,Chr-3,0.78
YDL045WA,95,137.49,91.7,TRUE,Chr-1,0.75
YDL043C,266,45.94,30.53,FALSE,Chr-1,0.55
YAL002W,1274,5.73,22.17,TRUE,Chr-1,0.5
YPR071W,211,15.51,29.16,TRUE,Chr-2,0.66
YFR047C,295,127.85,112.11,TRUE,Chr-1,0.73
YLR096W,1147,22.04,48.23,FALSE,Chr-2,0.61
YDR325W,1035,15.05,37.76,FALSE,Chr-2,0.52
YLR370C,178,184.47,119.72,TRUE,Chr-3,0.74
YMR033W,467,58.92,67.97,FALSE,Chr-1,0.74
YPL085W,2195,73.11,109.66,FALSE,Chr4,0.72
YGR008C,84,307.99,123.62,FALSE,Chr-2,0.69
YMR293C,464,6.93,12.3,FALSE,Chr-2,0.73
YOR317W,700,153.84,132.32,TRUE,Chr-3,0.66
YOR027W,589,913.02,574.37,TRUE,Chr-1,0.57
YPL059W,150,248.23,170.94,FALSE,Chr4,0.56
YCR028CA,135,717.69,322.63,FALSE,Chr-1,0.53
YOL093W,293,61.1,35.61,TRUE,Chr-2,0.65
YGL238W,960,75.7,156.51,TRUE,Chr4,0.79
YPL077C,240,13.07,13.53,FALSE,Chr-1,0.58
YOR254C,663,172.86,215.79,FALSE,Chr4,0.75
YJR022W,109,36.73,26.64,TRUE,Chr-2,0.79
YLR183C,489,39.34,48.91,TRUE,Chr-3,0.78
YOL031C,421,37.77,47.81,TRUE,Chr4,0.76
YDL234C,746,15.18,21.57,FALSE,Chr4,0.7
YMR272C,384,95.18,94.59,TRUE,Chr-3,0.66
YLR382C,894,10.76,26.97,FALSE,Chr-2,0.7
YKR043C,271,416.74,217.75,FALSE,Chr4,0.53
YBR192W,377,31.36,39.29,TRUE,Chr-2,0.61
YLR219W,728,26.65,41.91,FALSE,Chr-3,0.74
YJL168C,733,37.65,53.45,TRUE,Chr-1,0.55
YCR037C,923,7.95,36.15,FALSE,Chr-2,0.62
YJL127CB,52,60.18,126.82,FALSE,Chr-3,0.51
YLR292C,193,155.87,114.5,FALSE,Chr-3,0.69
YDR323C,515,5.55,14.24,FALSE,Chr-2,0.53
YPL116W,697,27.06,48.65,FALSE,Chr-1,0.65
YML021C,359,42.95,52.23,FALSE,Chr-1,0.76
YDL020C,531,66.55,90.64,FALSE,Chr4,0.73
YFR055W,340,101.4,106.68,FALSE,Chr-2,0.65
YLR098C,648,6.08,21.42,TRUE,Chr-1,0.61
YIL157C,197,88.34,72.2,TRUE,Chr-3,0.54
YDL157C,118,251.8,215.63,FALSE,Chr-3,0.76
YOR076C,747,16.34,29.52,TRUE,Chr4,0.59
YJR010W,511,22.84,26.29,FALSE,Chr-1,0.72
YHR118C,435,23.64,24.66,FALSE,Chr-3,0.54
YDR258C,811,78.12,88.17,TRUE,Chr-1,0.77
YPL204W,494,81.57,99.43,TRUE,Chr4,0.51
YLR316C,322,20.2,20.33,FALSE,Chr-2,0.71
YKL137W,111,128.88,82.91,FALSE,Chr4,0.52
YOL102C,230,52.34,52,TRUE,Chr4,0.63
YJR136C,421,11.82,22.56,FALSE,Chr-3,0.5
YLR139C,643,9.89,12.71,TRUE,Chr-1,0.54
YPR094W,107,72.54,56.11,TRUE,Chr-1,0.73
YLR002C,663,67.45,70.52,TRUE,Chr4,0.57
YMR119W,624,15.74,49.14,FALSE,Chr-1,0.65
YGR031W,342,30.71,41.3,TRUE,Chr-1,0.56
YML107C,334,15.01,19.16,TRUE,Chr-1,0.57
YBR257W,279,30.12,29.28,TRUE,Chr-1,0.59
YER005W,630,17.42,44.22,FALSE,Chr-1,0.57
YOR360C,526,24.76,45.19,FALSE,Chr-1,0.59
YLR142W,476,3.61,5.07,FALSE,Chr-2,0.76
YGL229C,818,4.17,21.42,TRUE,Chr-3,0.63
YMR093W,513,67.61,84.14,TRUE,Chr-3,0.8
YOR141C,881,38.02,48.32,TRUE,Chr-1,0.52
YDR179WA,463,6.52,21.58,FALSE,Chr4,0.66
YBR202W,845,45.79,66.4,TRUE,Chr4,0.51
YMR075W,684,15.82,26.41,FALSE,Chr-3,0.68
YKL149C,405,16.8,26.25,FALSE,Chr4,0.59
YOR011W,1394,3.42,22.35,TRUE,Chr-2,0.8
YDR034C,790,16.13,38.38,FALSE,Chr4,0.66
YMR294W,373,11.9,19.66,FALSE,Chr-1,0.54
YOL061W,496,150.44,162.63,TRUE,Chr4,0.54
YOR167C,67,4423.07,2739.16,TRUE,Chr-3,0.54
YLR231C,453,92.07,89.41,TRUE,Chr-3,0.79
YBR102C,753,29.11,39.35,TRUE,Chr-3,0.55
YGR195W,246,76.19,76.42,TRUE,Chr-3,0.79
YDR148C,463,146.23,120.11,FALSE,Chr-3,0.56
YPL216W,1102,2.9,9.24,FALSE,Chr4,0.6
YPL207W,810,42.54,86.89,FALSE,Chr-2,0.5
YOR177C,464,2.56,5.2,FALSE,Chr-1,0.66
YDR244W,612,26.87,36.11,TRUE,Chr-1,0.66
YPL246C,262,88.58,124.54,TRUE,Chr-2,0.6
YHL030W,1868,54.04,100.14,TRUE,Chr-2,0.58
YGR055W,574,190.73,227.64,TRUE,Chr-2,0.6
YGL167C,950,78.06,158.63,FALSE,Chr4,0.61
YLR419W,1435,24.5,43.04,TRUE,Chr-2,0.64
YHR027C,993,248.61,291.43,FALSE,Chr-3,0.79
YDR202C,351,20.53,37.72,FALSE,Chr-1,0.76
YBR223C,544,6.21,15.2,FALSE,Chr4,0.53
YGR113W,343,28.98,41.61,FALSE,Chr-2,0.6
YML004C,326,241.45,210.45,FALSE,Chr4,0.76
YLR044C,563,23902.1,19774.38,TRUE,Chr-3,0.68
YJL033W,770,70.47,78.87,TRUE,Chr4,0.76
YOL111C,212,143.4,83.57,TRUE,Chr-1,0.54
YKL193C,338,56.93,48.05,TRUE,Chr-1,0.5
YOL023W,676,6.3,17.55,TRUE,Chr-1,0.58
YDL019C,1283,34.66,67.09,FALSE,Chr-3,0.66
YDR109C,715,9.15,21.34,FALSE,Chr-3,0.78
YIL152W,235,8.68,18.01,TRUE,Chr-2,0.54
YFL046W,207,45.29,45.41,TRUE,Chr4,0.58
YDR006C,901,18.96,39.33,TRUE,Chr-1,0.68
YMR062C,441,51.64,69.3,FALSE,Chr-2,0.79
YLR345W,509,20.42,30.46,FALSE,Chr4,0.6
YKR014C,234,246.84,121.99,TRUE,Chr-1,0.8
YLR006C,712,12.88,28.89,FALSE,Chr-1,0.6
YOR023C,566,27.34,33.22,TRUE,Chr-3,0.65
YKL010C,1483,37.8,64.95,FALSE,Chr-3,0.52
YNR061C,219,101.98,103.82,TRUE,Chr-1,0.59
YPL188W,414,42.51,39.94,TRUE,Chr4,0.52
YML091C,1202,11.02,25.43,TRUE,Chr-2,0.71
YIL115C,1460,64.14,100.79,FALSE,Chr4,0.76
YDL122W,809,48.04,97.09,FALSE,Chr-3,0.61
YHR016C,468,57.3,52.9,FALSE,Chr-1,0.53
YKL144C,212,69.22,59.66,FALSE,Chr-3,0.68
YBR198C,798,53.73,69.01,TRUE,Chr4,0.5
YBL097W,754,18.34,27.15,FALSE,Chr-2,0.54
YNL063W,314,9.43,26.8,FALSE,Chr-3,0.51
YLR099WA,87,114.69,129.54,TRUE,Chr-1,0.75
YBR148W,609,2.51,4.69,FALSE,Chr4,0.73
YFL026W,431,321.34,474.34,FALSE,Chr-1,0.59
YFL037W,457,467.9,475.57,TRUE,Chr-3,0.58
YGL103W,149,9751.64,7380.96,TRUE,Chr-2,0.72
YOR148C,185,20.35,43.36,FALSE,Chr-3,0.52
YJR058C,147,49.81,66.96,TRUE,Chr4,0.77
YJR030C,745,12.49,33.03,FALSE,Chr-3,0.59
YDR281C,104,70.71,65.78,FALSE,Chr-2,0.74
YPL084W,844,40.61,61.05,TRUE,Chr4,0.52
YGR183C,66,178.17,105.14,FALSE,Chr-1,0.54
YJL054W,478,39.01,98.12,FALSE,Chr-2,0.79
YBR245C,1129,64.57,82.61,FALSE,Chr4,0.7
YDR511W,133,72.73,54.77,TRUE,Chr4,0.58
YEL040W,467,342.84,390.03,TRUE,Chr-1,0.79
YDL206W,762,2.54,13.76,FALSE,Chr4,0.56
YML057W,604,45.04,55.57,TRUE,Chr-3,0.62
YLL063C,474,4.63,7.89,FALSE,Chr4,0.73
YLR386W,880,27.67,45.47,TRUE,Chr-2,0.77
YIL154C,346,49.85,33.71,TRUE,Chr-1,0.59
YOR285W,139,475.49,351.94,TRUE,Chr4,0.6
YDL233W,458,15.69,20.85,FALSE,Chr4,0.5
YOR320C,491,46.73,92.02,TRUE,Chr4,0.72
YGR024C,237,40.95,97.39,TRUE,Chr4,0.71
YPL189CA,68,79.56,46.32,FALSE,Chr-3,0.53
YBR201W,211,22.02,28.92,FALSE,Chr-2,0.67
YBR249C,370,598.74,457.57,FALSE,Chr4,0.8
YOL045W,1101,17.97,42.24,FALSE,Chr-3,0.68
YKL077W,392,233.82,216.32,TRUE,Chr4,0.71
YOR208W,750,4.06,17.59,TRUE,Chr-1,0.79
YOR158W,318,48.37,52.31,FALSE,Chr4,0.58
YNL308C,591,125.62,93.77,TRUE,Chr-2,0.51
YOR064C,219,10.24,25.39,FALSE,Chr-1,0.62
YGL224C,280,30.1,50.09,FALSE,Chr4,0.8
YDR530C,325,17.9,28.47,FALSE,Chr-3,0.77
YJL125C,383,58.85,50.89,TRUE,Chr-3,0.7
YDR439W,347,11.2,18.86,FALSE,Chr-1,0.71
YPL239W,200,200.04,127.47,FALSE,Chr-3,0.56
YJL185C,293,6.13,12.93,FALSE,Chr-3,0.51
YGR156W,425,27.17,29.3,TRUE,Chr-1,0.76
YML101C,117,75.48,79.5,FALSE,Chr-3,0.61
YIR023W,970,13.15,35.97,TRUE,Chr4,0.63
YER150W,148,20.23,16.96,FALSE,Chr-3,0.79
YGR174C,170,32.81,31.85,FALSE,Chr-2,0.67
YGL185C,379,21.39,26.36,TRUE,Chr-2,0.75
YGR239C,288,15.28,17.09,FALSE,Chr4,0.67
YPR133C,410,110.03,95.07,FALSE,Chr-1,0.5
YKL166C,398,42.63,48.84,TRUE,Chr-3,0.68
YOL108C,151,32.7,20.53,TRUE,Chr-2,0.55
YBR087W,354,51.3,59.92,TRUE,Chr-3,0.52
YHR142W,316,49.29,56.22,TRUE,Chr-2,0.67
YPL075W,785,8.73,60.37,FALSE,Chr4,0.6
YKL196C,200,362.57,283.23,TRUE,Chr4,0.55
YGR177C,535,40.57,52.62,TRUE,Chr4,0.57
YPR179C,655,15.26,23.22,FALSE,Chr-2,0.52
YLL015W,1559,19.19,43.34,FALSE,Chr-3,0.58
YPL255W,385,9.91,26.33,FALSE,Chr-1,0.66
YLL043W,669,47.7,80.33,TRUE,Chr4,0.8
YLR313C,530,3.56,13.56,FALSE,Chr-1,0.69
YDR398W,643,73.79,81.9,TRUE,Chr-3,0.53
YHR140W,239,10.17,10.09,FALSE,Chr-3,0.59
YLR179C,201,657.48,458.61,TRUE,Chr4,0.62
YGL161C,310,91.35,87.32,TRUE,Chr-1,0.7
YNL152W,409,21.92,32.25,TRUE,Chr4,0.63
YOL125W,476,17.64,35.36,FALSE,Chr-2,0.74
YGR047C,1025,18.46,34.14,TRUE,Chr-3,0.52
YDR217C,1309,16.16,35.91,FALSE,Chr-3,0.78
YOR295W,228,17.93,25.9,FALSE,Chr-3,0.79
YER101C,430,16.98,15.11,FALSE,Chr-3,0.64
YAL028W,528,2.59,8.11,FALSE,Chr-2,0.7
YDR443C,1420,7.42,28.49,FALSE,Chr4,0.64
YLR059C,269,61.23,71.54,FALSE,Chr4,0.54
YNL091W,1240,28.28,66.08,FALSE,Chr-3,0.71
YNL290W,340,71.65,77.01,TRUE,Chr-1,0.74
YDR516C,500,131.18,110.83,TRUE,Chr4,0.67
YLR283W,314,9.24,21,FALSE,Chr-3,0.69
YJR130C,639,9.38,20.64,TRUE,Chr4,0.59
YOR181W,633,34.86,32.34,FALSE,Chr-2,0.6
YBL040C,219,150.38,125.4,TRUE,Chr-1,0.8
YHR115C,416,39.62,62.35,FALSE,Chr-3,0.68
YPL235W,471,179.2,137.93,FALSE,Chr-2,0.52
YML048W,403,241.41,244.73,FALSE,Chr-3,0.53
YDL080C,609,5.95,23.6,TRUE,Chr-1,0.57
YPL095C,456,6.58,15.97,FALSE,Chr-3,0.63
YPR172W,200,111.31,81.21,TRUE,Chr4,0.73
YPL219W,492,13.83,19.11,FALSE,Chr-1,0.66
YML115C,535,95.68,98.8,TRUE,Chr4,0.64
YPL088W,342,3.86,11.94,FALSE,Chr-1,0.63
YJL006C,323,23.11,29.71,FALSE,Chr-1,0.8
YIR010W,576,16.13,29.99,FALSE,Chr-1,0.53
YDR270W,1004,20.77,34.8,FALSE,Chr-2,0.57
YEL027W,160,1905.21,1386.33,FALSE,Chr-1,0.72
YPR171W,576,22.44,34.78,TRUE,Chr-1,0.74
YDR128W,1148,9.75,40.17,TRUE,Chr-3,0.58
YHR004C,446,7.68,26.37,TRUE,Chr-2,0.55
YBR221C,366,649.27,617.21,FALSE,Chr-1,0.59
YFR036W,124,63.28,37.71,TRUE,Chr-2,0.79
YAR007C,621,102.65,82.58,FALSE,Chr-3,0.64
YLR193C,175,62.5,52.31,TRUE,Chr-1,0.62
YNL138W,526,299.66,259.74,TRUE,Chr-3,0.69
YDR068W,310,62.64,57.95,FALSE,Chr-1,0.68
YHR087W,111,91.52,52.76,FALSE,Chr-3,0.8
YJR096W,282,38.83,48.17,FALSE,Chr4,0.68
YOL076W,796,51.13,81.98,TRUE,Chr-2,0.56
YLR061W,121,7171.79,3961.21,TRUE,Chr-3,0.79
YOR210W,70,607.55,384.58,TRUE,Chr-1,0.64
YAL027W,261,14.4,18.86,TRUE,Chr4,0.78
YER091C,767,763.85,673.48,TRUE,Chr-2,0.73
YGL087C,137,154.69,89.09,FALSE,Chr4,0.73
YOR195W,821,32.09,41.6,TRUE,Chr-3,0.65
YOR124C,1272,48.71,79.63,FALSE,Chr-3,0.58
YHR008C,233,318.25,230.87,FALSE,Chr4,0.54
YGR034W,127,4554.68,3360.2,TRUE,Chr-2,0.75
YLR052W,250,51.13,64.37,TRUE,Chr-3,0.57
YDL123W,140,33.55,27.42,TRUE,Chr-1,0.53
YOL147C,236,57.65,50.47,TRUE,Chr4,0.67
YCL001W,188,204.75,179.06,TRUE,Chr-1,0.76
YPR128C,328,50.15,74.42,FALSE,Chr-2,0.52
YJR101W,266,54.54,65.13,FALSE,Chr-2,0.65
YPL065W,242,26.32,26.03,FALSE,Chr-1,0.74
YML068W,464,5.33,20.36,TRUE,Chr-2,0.53
YKR092C,406,293.31,223.29,TRUE,Chr-1,0.55
YMR139W,370,32.75,42.17,FALSE,Chr-1,0.75
YKL020C,1082,21.78,40.53,TRUE,Chr-2,0.63
YJL190C,130,6846.38,4200.71,TRUE,Chr-3,0.55
YOR249C,685,8.06,19.61,FALSE,Chr-1,0.55
YNR022C,139,93.6,94.18,TRUE,Chr4,0.54
YER056C,533,217.89,211.91,TRUE,Chr-2,0.69
YHR187W,309,37.6,32.97,TRUE,Chr-3,0.53
YDR391C,232,29.35,38.18,TRUE,Chr4,0.76
YPR124W,406,349.01,357.6,TRUE,Chr-2,0.71
YOR093C,1648,7.91,29.42,FALSE,Chr-3,0.55
YKL142W,219,336.79,213.94,FALSE,Chr-3,0.53
YDR397C,146,132.95,138.88,TRUE,Chr-2,0.56
YNL175C,403,193.01,154.61,TRUE,Chr-1,0.56
YML116W,542,9.77,21.79,TRUE,Chr4,0.74
YBL091CA,175,36.32,29.53,TRUE,Chr-3,0.63
YBR074W,976,46,84.92,TRUE,Chr4,0.69
YEL004W,342,14.44,16.26,TRUE,Chr-3,0.58
YDR383C,238,15.57,21.92,TRUE,Chr-2,0.8
YMR020W,508,10.2,26.16,FALSE,Chr-1,0.64
YLL032C,825,15.74,27.26,TRUE,Chr-1,0.55
YOR089C,210,166.7,78.51,TRUE,Chr-3,0.53
YIL056W,640,14.61,29.14,TRUE,Chr-2,0.65
YMR138W,191,18.56,23.19,TRUE,Chr-3,0.52
YDR182W,491,60.07,75.58,TRUE,Chr-2,0.54
YAL014C,255,29.91,63.3,TRUE,Chr-3,0.51
YIL136W,393,27.61,16.78,FALSE,Chr-3,0.66
YER034W,185,50.54,30.59,FALSE,Chr-2,0.75
YML072C,1545,148.36,304.98,FALSE,Chr-2,0.8
YPL179W,549,31.53,78.17,TRUE,Chr-3,0.69
YDL173W,295,109.44,108.11,FALSE,Chr-1,0.65
YKL210W,1024,469.09,449.33,TRUE,Chr-2,0.54
YGR044C,300,73.6,91.7,FALSE,Chr-2,0.5
YJL146W,469,23.84,27.28,FALSE,Chr4,0.51
YLR350W,216,103.9,58.56,TRUE,Chr-3,0.55
YGR035C,116,99.2,62.37,TRUE,Chr4,0.74
YPL068C,293,18.84,21.33,FALSE,Chr-1,0.78
YDR365C,628,84.8,129.78,FALSE,Chr4,0.68
YNL191W,357,34.14,45.63,TRUE,Chr4,0.6
YNL155W,274,94.4,105.08,FALSE,Chr-3,0.57
YFL044C,301,56.33,56.08,FALSE,Chr4,0.62
YDR394W,428,201.23,183.29,TRUE,Chr-3,0.69
YLR003C,291,77.53,81.86,TRUE,Chr4,0.73
YKL167C,137,81.11,61.79,TRUE,Chr-3,0.72
YDR277C,433,8.35,12.16,FALSE,Chr4,0.52
YBL089W,459,18.07,25.63,FALSE,Chr-2,0.72
YDL165W,191,94.27,72.41,TRUE,Chr4,0.62
YOR038C,875,16.87,27.9,FALSE,Chr-1,0.61
YIR022W,167,139.71,101.67,FALSE,Chr-2,0.71
YPL248C,881,0.95,4.19,TRUE,Chr-2,0.54
YML008C,383,647.97,513.87,TRUE,Chr4,0.7
YBR003W,473,28.52,54.21,TRUE,Chr-1,0.75
YCR077C,796,93.35,123.41,FALSE,Chr-1,0.6
YPL153C,821,10.79,20.08,TRUE,Chr-1,0.51
YMR316W,336,8.41,17.28,FALSE,Chr-1,0.6
YFR049W,123,164.61,80.02,FALSE,Chr-1,0.72
YBR055C,899,14.93,39.91,FALSE,Chr-2,0.55
YLR408C,122,22.41,18.96,FALSE,Chr-1,0.78
YMR044W,475,50.39,40.72,FALSE,Chr-3,0.69
YJR052W,565,14.14,25.35,TRUE,Chr-3,0.8
YCR036W,333,68.78,75.52,FALSE,Chr4,0.53
YOR079C,313,28.15,27.67,TRUE,Chr-3,0.52
YLR277C,779,20.09,39.61,FALSE,Chr-3,0.5
YOL135C,222,29.04,26.6,TRUE,Chr-3,0.74
YKL172W,427,257.22,163.09,TRUE,Chr-2,0.68
YMR286W,86,132.9,86.99,TRUE,Chr-1,0.59
YDL180W,547,13.08,25.1,FALSE,Chr4,0.51
YFR028C,551,48.28,81.37,TRUE,Chr-1,0.64
YDR384C,275,221.8,125.1,TRUE,Chr-1,0.64
YPL195W,932,48.25,89.19,TRUE,Chr-2,0.79
YIL071C,444,5.84,16.85,TRUE,Chr-1,0.67
YML027W,385,35.42,32.6,TRUE,Chr-2,0.57
YDR247W,461,11.37,19.32,TRUE,Chr-1,0.55
YLR274W,775,36.7,47.63,TRUE,Chr-1,0.66
YPR184W,1536,5.67,16.21,FALSE,Chr-3,0.79
YFR004W,306,267.84,176.76,TRUE,Chr4,0.8
YJR122W,497,10.46,21.98,FALSE,Chr-3,0.6
YDR045C,110,117.45,73.82,TRUE,Chr-1,0.66
YEL017W,337,59.72,61.48,TRUE,Chr-1,0.78
YGL163C,898,11.13,24.33,TRUE,Chr-3,0.67
YLR207W,833,25.72,44.13,TRUE,Chr-1,0.64
YGR123C,513,113.58,125.2,TRUE,Chr-1,0.77
YEL018W,279,29.26,31.22,FALSE,Chr-2,0.79
YGR029W,189,58.76,65.88,TRUE,Chr-3,0.75
YDR495C,1011,10.34,19.18,FALSE,Chr-2,0.79
YJL039C,1683,44.8,99.25,TRUE,Chr4,0.57
YNL035C,389,54.2,60.35,FALSE,Chr4,0.55
YKL073W,881,67.41,89.44,FALSE,Chr-2,0.5
YMR097C,367,17.14,31.92,TRUE,Chr-3,0.56
YHR171W,630,7.17,10.31,TRUE,Chr4,0.68
YGR266W,701,47.04,49.36,FALSE,Chr-1,0.78
YPL103C,468,16.27,25.76,TRUE,Chr-1,0.75
YKL013C,171,287.54,240.9,FALSE,Chr-2,0.67
YPL040C,1002,7.79,25.34,TRUE,Chr-1,0.61
YGL160W,570,21.96,40.84,TRUE,Chr-3,0.6
YDL225W,551,85.3,68.95,TRUE,Chr-2,0.67
YNL102W,1468,37.76,68.02,FALSE,Chr4,0.67
YDR427W,393,146,156.91,FALSE,Chr-1,0.55
YPR181C,768,264.89,303.81,TRUE,Chr-2,0.62
YLR130C,422,20.77,64.96,TRUE,Chr-3,0.73
YDL211C,372,5.23,11.64,FALSE,Chr-3,0.62
YCL025C,633,26.4,32.58,TRUE,Chr-2,0.7
YOR122C,126,1546.49,1140.93,TRUE,Chr-1,0.76
YKL065C,206,171.85,172.49,TRUE,Chr-3,0.59
YER029C,196,74.81,43.44,TRUE,Chr-3,0.72
YDL160CA,80,71.43,46.14,TRUE,Chr-1,0.61
YDR473C,469,14.75,16.89,FALSE,Chr-3,0.66
YOR361C,763,325.31,295.42,FALSE,Chr-3,0.63
YMR188C,237,74.28,53.99,FALSE,Chr-3,0.62
YDR279W,350,23.97,33.89,FALSE,Chr-1,0.8
YGL210W,222,67.86,57.2,FALSE,Chr-2,0.77
YLR194C,254,83.97,58.32,TRUE,Chr4,0.73
YEL016C,493,8.33,32.14,FALSE,Chr-3,0.5
YLR208W,297,367.56,233.81,TRUE,Chr-2,0.6
YOR247W,210,464.3,324.35,TRUE,Chr-2,0.59
YER166W,1571,33.12,92.42,FALSE,Chr4,0.72
YCR047C,275,89.69,56.02,FALSE,Chr4,0.69
YDR286C,114,47.74,55.69,FALSE,Chr-2,0.74
YMR212C,782,37.19,76.4,TRUE,Chr-1,0.63
YML065W,914,20.69,35.7,FALSE,Chr4,0.52
YNL130C,393,105.63,153.78,TRUE,Chr4,0.8
YER127W,357,72.01,77.89,TRUE,Chr4,0.75
YER093C,1430,6.89,24.61,FALSE,Chr-3,0.68
YIL024C,189,5.24,15.1,FALSE,Chr4,0.65
YOR113W,914,14.67,27.62,FALSE,Chr-3,0.62
YJL148W,233,212.84,139.83,TRUE,Chr4,0.61
YPL091W,483,251.49,185.45,FALSE,Chr-3,0.8
YLR105C,377,11.39,25.98,TRUE,Chr-3,0.51
YDR046C,604,82.31,124.91,TRUE,Chr-2,0.76
YOR021C,213,294.48,186.93,FALSE,Chr-2,0.79
YLR082C,392,17.04,16.82,FALSE,Chr-3,0.58
YNR063W,607,6.38,12.08,TRUE,Chr-2,0.77
YLR114C,764,30.47,67.06,TRUE,Chr-2,0.57
YIL075C,945,203.47,264.77,TRUE,Chr-2,0.51
YNL244C,108,1168.21,869.92,TRUE,Chr-3,0.55
YDR513W,143,363.37,204.43,FALSE,Chr-1,0.53
YHR132WA,131,137.3,118.72,FALSE,Chr-1,0.63
YGR221C,622,3.85,14.48,FALSE,Chr-2,0.59
YDR233C,295,559.86,467.46,TRUE,Chr-2,0.5
YNR024W,186,39.92,31.75,TRUE,Chr-1,0.67
YOL012C,134,301.95,222.2,TRUE,Chr4,0.76
YFR013W,787,23.67,46.15,FALSE,Chr-2,0.64
YOR137C,622,2.31,17.01,FALSE,Chr-1,0.75
YDR097C,1242,35.31,52.03,FALSE,Chr-1,0.63
YBR261C,232,131.96,117.1,FALSE,Chr-1,0.54
YGR089W,936,15.11,39.59,TRUE,Chr-2,0.74
YGL151W,1132,22.36,49.04,TRUE,Chr-2,0.56
YGR186W,735,79.04,105.26,TRUE,Chr4,0.78
YPL032C,825,62.96,91.57,TRUE,Chr-2,0.56
YJR062C,457,21.35,32.31,TRUE,Chr-2,0.65
YEL020WA,87,210.01,116.53,FALSE,Chr-2,0.77
YDR300C,428,109.37,120.85,FALSE,Chr-1,0.77
YGL055W,510,337.52,376.74,FALSE,Chr4,0.54
YMR162C,1656,11.2,42.59,FALSE,Chr-2,0.58
YOR354C,692,29.84,63.79,FALSE,Chr-1,0.75
YMR080C,971,53.63,112.06,TRUE,Chr-1,0.8
YEL031W,1215,197.27,336.41,TRUE,Chr-2,0.72
YKR027W,765,12.04,27.92,FALSE,Chr-1,0.59
YIL046W,640,15.9,41.91,TRUE,Chr-1,0.78
YNL016W,453,611.29,436.2,FALSE,Chr-2,0.54
YOL071W,162,51.83,28.86,FALSE,Chr-2,0.72
YLR321C,426,77.31,52.57,TRUE,Chr-3,0.52
YPR067W,185,29.45,62.25,FALSE,Chr-2,0.79
YDR425W,625,13.2,16.77,FALSE,Chr-1,0.71
YLR151C,340,11.47,12.74,FALSE,Chr-1,0.76
YNL094W,587,8.25,46.28,TRUE,Chr-2,0.75
YKR004C,377,7.03,18.54,FALSE,Chr-1,0.68
YPL046C,99,58.44,45.74,TRUE,Chr-2,0.75
YOR188W,1137,21.02,42.9,FALSE,Chr-2,0.63
YLR176C,811,7.99,14.26,FALSE,Chr-1,0.73
YPL247C,523,12.97,23.62,FALSE,Chr-2,0.61
YDR538W,242,18.13,32.95,TRUE,Chr-2,0.76
YGR071C,860,8.49,20.6,FALSE,Chr-1,0.75
YLR186W,252,183.06,151.94,TRUE,Chr-2,0.72
YER053CA,37,37.3,9.31,FALSE,Chr-3,0.6
YMR183C,295,287.3,225.56,TRUE,Chr4,0.54
YMR208W,443,69.94,64.55,TRUE,Chr-3,0.8
YKR061W,425,2.24,14.82,FALSE,Chr-2,0.5
YMR161W,224,106.82,79.1,TRUE,Chr-3,0.79
YMR191W,373,26.99,48.03,TRUE,Chr-1,0.75
YJR006W,487,24.05,38.6,TRUE,Chr-1,0.65
YGR149W,432,15.58,23.47,FALSE,Chr-3,0.78
YDR371W,511,14.97,29.09,TRUE,Chr4,0.62
YKL184W,466,152.31,169.61,TRUE,Chr-1,0.65
YDL240W,1017,11.13,31.65,FALSE,Chr4,0.64
YKL068W,959,45.46,76.47,TRUE,Chr-3,0.67
YBR143C,437,517.55,490.01,TRUE,Chr-2,0.65
YJL012C,721,514.78,597.34,TRUE,Chr-2,0.68
YER165W,577,1314.99,1120.69,TRUE,Chr4,0.61
YPL087W,317,45.15,59.77,FALSE,Chr-3,0.56
YCL058WA,113,78.21,20.91,TRUE,Chr-1,0.51
YMR215W,524,165.43,162.77,TRUE,Chr-3,0.66
YGL194C,452,29.76,40.29,FALSE,Chr4,0.69
YGR252W,439,26.86,42.49,TRUE,Chr-3,0.77
YOR299W,746,19.83,47.83,FALSE,Chr4,0.53
YLL062C,324,23.88,27.34,FALSE,Chr-2,0.65
YBR058CA,80,343.31,185.17,TRUE,Chr-2,0.59
YKL096WA,92,4879.65,2208.27,FALSE,Chr4,0.77
YBR228W,304,8.72,22.5,FALSE,Chr-1,0.68
YMR120C,592,308.43,271.27,FALSE,Chr-3,0.61
YGR261C,809,46.47,99.59,FALSE,Chr-1,0.6
YLR301W,244,596.23,389.89,TRUE,Chr-3,0.73
YML038C,442,23.53,60.91,FALSE,Chr4,0.69
YBR059C,1108,43.8,76,TRUE,Chr-3,0.55
YBR086C,946,83.76,173.5,TRUE,Chr4,0.73
YKL041W,224,63.26,19.55,FALSE,Chr-3,0.69
YPL128C,562,37.26,49.57,TRUE,Chr4,0.53
YKL156W,82,2163.93,1097.14,FALSE,Chr-1,0.52
YGR196C,817,29.48,32.89,TRUE,Chr-1,0.73
YPR031W,748,7.13,18.82,FALSE,Chr-1,0.73
YOR368W,401,12.65,19.64,FALSE,Chr-1,0.79
YLR057W,849,15.22,36.17,TRUE,Chr-2,0.67
YOR265W,106,244.8,123.97,TRUE,Chr-3,0.7
YLL038C,247,34.1,33.67,TRUE,Chr4,0.68
YDR245W,393,100.75,147.27,FALSE,Chr-1,0.56
YOR244W,445,20.03,31.96,TRUE,Chr-3,0.73
YPR057W,341,14.1,36.51,FALSE,Chr-3,0.56
YML064C,245,45.14,29.93,TRUE,Chr4,0.6
YEL038W,227,94.67,92.58,TRUE,Chr-2,0.74
YPL264C,353,5.16,4.74,FALSE,Chr4,0.73
YMR288W,971,19.71,29.35,TRUE,Chr-3,0.75
YGL144C,685,4.39,16.31,TRUE,Chr-3,0.61
YPL151C,451,15.97,33.94,TRUE,Chr-2,0.77
YIL062C,154,354.79,215.4,TRUE,Chr-2,0.52
YNL039W,594,30.64,39.27,FALSE,Chr-3,0.63
YDR351W,864,20.92,39.08,FALSE,Chr4,0.62
YDR004W,460,8.2,23.64,FALSE,Chr-3,0.75
YDL015C,310,271.56,243.38,TRUE,Chr-1,0.64
YDR333C,723,32.7,52.41,TRUE,Chr-1,0.59
YDL219W,150,153.51,121.4,TRUE,Chr-2,0.62
YJL072C,213,40.58,39.97,TRUE,Chr4,0.56
YHR031C,723,11.26,26.28,TRUE,Chr-3,0.58
YDR432W,414,846.72,416.55,TRUE,Chr-1,0.55
YEL050C,393,38.53,58.73,FALSE,Chr-2,0.72
YJL143W,158,283.15,93.76,TRUE,Chr-2,0.56
YDR512C,187,100.17,60.8,FALSE,Chr-1,0.79
YDR130C,291,23.62,29.43,TRUE,Chr4,0.7
YNL177C,309,78.42,73.74,TRUE,Chr4,0.61
YGR170W,1138,9.24,39.01,TRUE,Chr4,0.54
YBR260C,666,26.4,45.08,TRUE,Chr-1,0.63
YLL002W,436,12.69,18.74,TRUE,Chr-3,0.68
YHR196W,575,75.09,102.97,TRUE,Chr4,0.61
YOR016C,207,81.35,75.61,FALSE,Chr4,0.76
YJL149W,663,16.51,20.71,TRUE,Chr4,0.57
YER115C,191,6.95,38.91,FALSE,Chr-2,0.77
YHR007C,530,498.01,636.36,FALSE,Chr-1,0.6
YDR464W,1435,15.96,39.13,FALSE,Chr-1,0.71
YPR161C,657,40.91,55.81,FALSE,Chr-2,0.54
YER078C,511,18.06,34.29,FALSE,Chr-2,0.61
YCL002C,263,11.63,49.78,TRUE,Chr4,0.53
YLR325C,78,7408.64,4071.61,TRUE,Chr-2,0.67
YHR070W,499,44.11,40.83,FALSE,Chr-2,0.7
YLR378C,480,260.19,357.22,TRUE,Chr-1,0.68
YJL098W,1058,30.3,56.94,FALSE,Chr-2,0.52
YPR051W,176,91.15,71.31,FALSE,Chr4,0.51
YOL110W,237,10.06,21.39,TRUE,Chr4,0.78
YOL010W,367,70.35,64.1,TRUE,Chr-1,0.77
YDR165W,444,93.82,117.61,TRUE,Chr-3,0.65
YOL049W,491,85.23,154.06,FALSE,Chr4,0.74
YHR148W,183,96.69,65.08,TRUE,Chr-1,0.71
YLR146C,300,38.59,51.02,FALSE,Chr-1,0.6
YGR288W,473,4.67,10.61,FALSE,Chr-1,0.63
YAL034WA,289,16.1,14.48,TRUE,Chr-1,0.8
YOR147W,622,11.57,31.57,TRUE,Chr-2,0.51
YEL013W,578,107.06,168.34,FALSE,Chr-1,0.54
YDR272W,274,169.83,101.66,TRUE,Chr-1,0.7
YIL003W,293,23.4,31.91,FALSE,Chr4,0.62
YPR139C,300,46.45,59.06,TRUE,Chr4,0.68
YMR246W,694,289.45,335.15,TRUE,Chr-3,0.8
YML070W,584,204.75,163.74,TRUE,Chr-2,0.54
YBR114W,790,7.35,17.63,TRUE,Chr-3,0.58
YKR086W,1071,8.35,27.39,FALSE,Chr4,0.75
YJL129C,1235,6.2,48.66,TRUE,Chr-2,0.71
YOR310C,511,588.09,470.58,TRUE,Chr-2,0.6
YOR005C,944,4.37,10.27,FALSE,Chr-1,0.59
YOR080W,732,5.5,25.08,TRUE,Chr-1,0.73
YMR022W,165,128.21,99.92,TRUE,Chr-1,0.58
YER122C,493,197.04,176.4,FALSE,Chr-3,0.53
YDL093W,743,30.04,46.7,TRUE,Chr-1,0.69
YNR054C,316,84.62,51.4,FALSE,Chr4,0.62
YLL055W,531,1.35,11.31,TRUE,Chr-3,0.76
YOR175C,619,75.56,126.81,TRUE,Chr-3,0.76
YPR075C,360,44.2,82.71,TRUE,Chr-3,0.66
YDR475C,876,8.37,22.81,TRUE,Chr-3,0.7
YLR094C,502,37.62,50.69,FALSE,Chr-3,0.76
YDR435C,328,24.47,34.96,FALSE,Chr4,0.62
YKR098C,717,3.3,14.83,FALSE,Chr-3,0.54
YKR081C,344,215.24,145.21,TRUE,Chr-2,0.77
YER184C,794,1.38,9.73,FALSE,Chr-2,0.54
YML073C,176,4472.58,3101.4,TRUE,Chr-3,0.56
YMR264W,203,84.39,129.71,TRUE,Chr-1,0.55
YNL233W,892,23.4,33.55,FALSE,Chr-3,0.69
YCR015C,317,14.92,23.91,FALSE,Chr-3,0.61
YIL061C,300,23.3,24.28,TRUE,Chr-3,0.65
YDL142C,283,18.89,21.91,FALSE,Chr4,0.57
YGL018C,184,38.94,25.68,TRUE,Chr-2,0.68
YIL001W,513,10.66,19.95,TRUE,Chr-1,0.77
YMR263W,201,69.82,44.07,FALSE,Chr-2,0.55
YGL124C,644,10.15,21.55,FALSE,Chr4,0.56
YCR035C,394,62.19,62.58,TRUE,Chr4,0.74
YGR042W,271,13.68,31.78,TRUE,Chr4,0.58
YGL073W,833,19.45,39.76,FALSE,Chr-3,0.65
YER175C,299,19.83,22.39,FALSE,Chr4,0.61
YKL082C,434,105.67,67.47,TRUE,Chr-2,0.65
YNL180C,331,50.34,80.74,FALSE,Chr-2,0.69
YPR143W,250,116.78,79.73,FALSE,Chr4,0.63
YGL191W,129,280.31,165.2,FALSE,Chr-3,0.65
YNL295W,524,11.99,25.27,FALSE,Chr-1,0.62
YPR016C,245,341.35,272.79,TRUE,Chr4,0.54
YDR058C,326,8.29,14.34,FALSE,Chr-1,0.67
YOR179C,188,40.08,39.53,FALSE,Chr-2,0.59
YDR489W,294,18.62,24.61,TRUE,Chr-3,0.72
YMR027W,470,155.3,137.28,FALSE,Chr-3,0.67
YGL130W,459,47.36,46.11,TRUE,Chr-2,0.73
YDR493W,123,78.22,42.01,TRUE,Chr4,0.78
YHR162W,129,591.85,543.27,TRUE,Chr-3,0.57
YNR028W,308,52.61,62.64,FALSE,Chr4,0.79
YMR038C,249,302.12,209.12,TRUE,Chr-2,0.59
YPL222W,688,7.97,15.59,FALSE,Chr-3,0.68
YKL105C,1132,13.83,22.61,FALSE,Chr4,0.7
YDR011W,1501,110.95,254.14,FALSE,Chr4,0.63
YHL007C,939,43.04,65.36,TRUE,Chr-1,0.63
YMR238W,458,68.23,74.9,FALSE,Chr-2,0.59
YLL010C,427,48.02,53.36,TRUE,Chr-2,0.8
YKL019W,316,43.39,72.27,FALSE,Chr-2,0.66
YNL104C,619,284.85,331.47,FALSE,Chr-1,0.61
YOR073W,590,7.95,29.03,FALSE,Chr-1,0.69
YAL030W,117,134.79,127.45,TRUE,Chr-2,0.54
YKL186C,184,99.3,93.08,TRUE,Chr-3,0.58
YOR058C,885,16.14,38.37,FALSE,Chr-2,0.6
YML042W,670,1.25,4.85,FALSE,Chr4,0.66
YBR058C,781,44.08,61.57,TRUE,Chr-2,0.8
YML093W,899,82.7,82.77,FALSE,Chr-3,0.63
YKL120W,324,239.41,212.35,TRUE,Chr-3,0.51
YDR003W,210,47.2,49.68,FALSE,Chr-1,0.56
YOR020C,106,1516.22,1016.34,TRUE,Chr-3,0.8
YIL035C,372,73.74,87.58,FALSE,Chr-3,0.71
YLR145W,201,18.31,23.51,TRUE,Chr-1,0.77
YDL159W,515,16.25,24.18,FALSE,Chr-3,0.64
YPL138C,353,19.51,29,FALSE,Chr-3,0.53
YJR061W,935,3.28,13.21,FALSE,Chr-2,0.71
YHR001WA,77,203.63,76.06,FALSE,Chr-2,0.79
YEL041W,495,4.87,10.24,FALSE,Chr-2,0.6
YMR168C,608,7.11,20.16,TRUE,Chr-2,0.75
YHR090C,282,26.95,30.37,TRUE,Chr-1,0.66
YGL178W,859,14.97,34.03,FALSE,Chr4,0.57
YCR073C,1331,2.07,12.02,FALSE,Chr-1,0.71
YPR025C,393,26.48,33.06,FALSE,Chr-2,0.58
YKL035W,499,400.83,285.92,FALSE,Chr-3,0.71
YLR001C,862,15.6,28.89,TRUE,Chr-2,0.79
YDR228C,626,21.99,37.19,TRUE,Chr-2,0.65
YPL145C,434,236.81,240.86,TRUE,Chr-1,0.75
YKL162C,402,5.72,7.22,FALSE,Chr-3,0.8
YKL017C,683,8.95,15.06,TRUE,Chr-2,0.76
YBR135W,150,119.6,83.34,TRUE,Chr-3,0.62
YFR044C,481,466.59,447.44,TRUE,Chr-3,0.53
YBR282W,146,114.8,84.61,TRUE,Chr-1,0.51
YOR198C,470,673.44,446.71,FALSE,Chr-2,0.51
YDR367W,221,58.08,88.19,FALSE,Chr-1,0.8
YPL263C,651,79.85,105.16,TRUE,Chr-2,0.59
YJR008W,338,6,11.07,FALSE,Chr4,0.69
YIL123W,476,735.95,448,FALSE,Chr-1,0.5
YOR002W,544,39.95,93.64,FALSE,Chr-1,0.79
YHL009C,330,35.83,33.41,FALSE,Chr-3,0.64
YJL212C,799,56.73,92.64,TRUE,Chr4,0.5
YER017C,761,28.66,73.79,FALSE,Chr-2,0.74
YGL016W,1081,34.32,82.59,FALSE,Chr-2,0.65
YOR243C,676,86.5,113.5,FALSE,Chr4,0.69
YPL149W,294,6.46,32.81,FALSE,Chr-2,0.58
YNR003C,317,74.13,66.76,TRUE,Chr-1,0.54
YER131W,119,2722.02,2027.75,TRUE,Chr-1,0.8
YDR178W,181,96.79,54.11,TRUE,Chr-1,0.51
YAL047C,622,9.27,16.7,FALSE,Chr-3,0.6
YER012W,198,365.48,308.47,TRUE,Chr-1,0.6
YNL151C,251,95.82,71.76,FALSE,Chr-3,0.73
YGR143W,771,17.76,38.04,FALSE,Chr-1,0.76
YGR191W,603,110.79,96.47,TRUE,Chr4,0.58
YDL155W,427,29.04,58.67,FALSE,Chr-2,0.59
YHR078W,552,8.8,33.35,TRUE,Chr-1,0.5
YJL205C,53,101.83,76.14,FALSE,Chr-2,0.55
YKL094W,313,99.09,121.86,TRUE,Chr-1,0.57
YDL070W,638,63.08,134.61,FALSE,Chr-3,0.58
YAL011W,625,10.5,17.4,TRUE,Chr-1,0.52
YPL039W,316,12.34,21.03,FALSE,Chr4,0.79
YOR293W,105,6116.61,3810.2,TRUE,Chr-2,0.71
YLR363WA,85,102.29,63.69,FALSE,Chr-2,0.68
YNL306W,217,133.97,146.51,FALSE,Chr-2,0.69
YCR066W,487,6.45,10.31,FALSE,Chr4,0.57
YLR113W,435,110.08,171.29,TRUE,Chr-2,0.52
YKL002W,232,86.15,85.28,TRUE,Chr-3,0.69
YJL112W,714,13.98,34.95,FALSE,Chr-1,0.56
YGR270W,1379,25.36,84.26,FALSE,Chr-1,0.67
YIR001C,250,48.44,34.45,FALSE,Chr-2,0.73
YGR173W,368,148.68,123.97,FALSE,Chr4,0.67
YBL086C,466,19.65,21.23,FALSE,Chr-2,0.61
YPR062W,158,483.47,200.29,FALSE,Chr-2,0.69
YPL096CA,68,24.2,36.91,FALSE,Chr-1,0.78
YBR263W,490,321.81,355.05,TRUE,Chr-3,0.58
YPL178W,208,156.49,154.27,TRUE,Chr4,0.75
YMR227C,590,26.29,16.68,TRUE,Chr4,0.73
YPL011C,353,18.87,41.27,TRUE,Chr4,0.64
YMR066W,898,6.62,17.65,FALSE,Chr4,0.59
YBR069C,619,160.06,270.96,TRUE,Chr4,0.65
YIL138C,161,299.77,201.14,FALSE,Chr-1,0.59
YER153C,254,7.86,34.3,FALSE,Chr-2,0.59
YHR149C,734,33.15,48.21,FALSE,Chr4,0.64
YDL144C,356,55.45,71.61,FALSE,Chr-2,0.68
YPL253C,647,11.44,19.09,FALSE,Chr4,0.58
YBR203W,924,1.11,5.38,FALSE,Chr-3,0.6
YCR042C,1407,24.38,41.17,TRUE,Chr4,0.55
YLR276C,594,93.03,121.8,TRUE,Chr-1,0.63
YDL177C,170,16.43,26.34,FALSE,Chr-3,0.75
YBL102W,215,95.5,115.37,TRUE,Chr-2,0.67
YPR088C,541,184.61,199.77,TRUE,Chr-3,0.79
YDR066C,196,12.73,12.3,FALSE,Chr4,0.75
YMR204C,420,8.08,14.76,FALSE,Chr-2,0.7
YDR376W,493,27.1,43.33,FALSE,Chr-3,0.74
YLR137W,367,14.07,24,FALSE,Chr-2,0.65
YLR014C,904,3.61,16.44,FALSE,Chr4,0.67
YBR139W,508,87.15,89.52,FALSE,Chr4,0.71
YNL082W,873,15.45,22.66,FALSE,Chr-2,0.6
YKR096W,1195,12.22,37.56,FALSE,Chr-2,0.52
YGR097W,1146,13.29,34.61,TRUE,Chr4,0.57
YBR062C,180,72.93,51.4,FALSE,Chr-2,0.7
YOR316C,439,64.32,65.7,FALSE,Chr-1,0.62
YPL150W,901,9.23,28.95,TRUE,Chr-2,0.62
YJL062W,830,36.38,52.83,TRUE,Chr-1,0.55
YDR297W,349,117.81,140.03,TRUE,Chr4,0.54
YDL042C,562,18.75,30.83,TRUE,Chr-1,0.74
YGR161WC,92,34.58,32.63,FALSE,Chr-1,0.76
YER144C,805,9.66,29.1,TRUE,Chr-1,0.6
YIL022W,431,109.87,111.68,TRUE,Chr4,0.53
YIL137C,946,66.81,81.73,FALSE,Chr-2,0.77
YJL079C,299,83.04,42.47,TRUE,Chr-3,0.6
YLR441C,255,3068.18,2984.37,TRUE,Chr-1,0.52
YNR006W,622,34.05,34.42,TRUE,Chr-3,0.74
YEL006W,335,19.09,42.9,FALSE,Chr4,0.78
YML080W,423,36.21,36.53,FALSE,Chr-3,0.66
YFR015C,708,16.36,24.47,TRUE,Chr4,0.65
YMR287C,969,7.3,21.18,FALSE,Chr-3,0.51
YFL016C,511,58.29,72.52,TRUE,Chr4,0.64
YOR245C,418,24.16,34.5,FALSE,Chr-2,0.6
YIL055C,627,4.68,9.03,FALSE,Chr-1,0.67
YMR069W,285,3.46,8.63,FALSE,Chr-3,0.66
YLR436C,1274,11.43,44.23,TRUE,Chr-2,0.51
YMR110C,532,44,46.99,TRUE,Chr-1,0.65
YOR257W,161,101.29,39.43,FALSE,Chr-1,0.61
YLR185W,88,6261.2,3524.48,TRUE,Chr-2,0.73
YDR337W,286,65.13,56.79,TRUE,Chr4,0.75
YEL062W,615,8.89,23.37,TRUE,Chr4,0.65
YLL001W,757,50.27,53.44,FALSE,Chr-3,0.67
YGR284C,310,274.67,235.92,TRUE,Chr-3,0.77
YPL008W,861,4.52,20.23,FALSE,Chr-3,0.56
YCR081W,1427,9.09,29.25,FALSE,Chr-2,0.55
YKR017C,551,6.6,14.38,TRUE,Chr-1,0.75
YCR082W,128,175.59,248.77,FALSE,Chr-1,0.62
YDR506C,608,12.41,18.05,TRUE,Chr-2,0.61
YGR205W,290,54.36,52.27,FALSE,Chr-1,0.54
YHL025W,332,33.21,44.03,TRUE,Chr4,0.7
YML067C,352,105.1,116.89,FALSE,Chr-3,0.66
YLR427W,670,19.97,40.91,FALSE,Chr-2,0.63
YBR006W,497,18.97,19.41,FALSE,Chr-1,0.76
YKL099C,250,128.39,95.87,FALSE,Chr-3,0.75
YJL183W,422,94.12,157.79,TRUE,Chr4,0.75
YML094W,163,174.18,107.49,TRUE,Chr4,0.58
YBR159W,347,215.62,218.84,TRUE,Chr-3,0.59
YJR117W,453,133.76,154.71,TRUE,Chr-1,0.7
YJL099W,746,12.33,22.89,FALSE,Chr-3,0.61
YMR179W,758,14.87,30.97,FALSE,Chr-2,0.74
YCR069W,318,78.42,97.19,FALSE,Chr-3,0.79
YBR136W,2368,4.14,25.81,FALSE,Chr-3,0.56
YFL014W,109,86.72,45.15,FALSE,Chr-3,0.76
YHR086W,523,23.13,43.95,FALSE,Chr-1,0.58
YHR166C,626,12.55,20.13,FALSE,Chr-2,0.69
YBR109C,147,739.41,403.77,FALSE,Chr4,0.75
YDR135C,1515,64.19,152.62,FALSE,Chr4,0.5
YGL180W,897,8.54,21.78,FALSE,Chr-2,0.68
YOR166C,458,13.1,29.77,TRUE,Chr-3,0.62
YKL033W,1038,9.05,26.74,TRUE,Chr-1,0.74
YBR128C,344,2.83,5.72,FALSE,Chr-1,0.76
YOR197W,432,227.5,206.89,TRUE,Chr4,0.78
YBL050W,292,202.71,137.87,TRUE,Chr-3,0.8
YGR246C,596,34.29,40.96,TRUE,Chr-2,0.51
YPR058W,307,63.25,75.03,TRUE,Chr-2,0.7
YJR015W,510,130.28,130.08,FALSE,Chr-2,0.51
YFL036W,1351,24.25,53.99,FALSE,Chr-2,0.75
YBL031W,338,11.16,23.59,TRUE,Chr-3,0.78
YOR342C,319,46.29,69.89,FALSE,Chr4,0.5
YNL232W,292,84.85,80.23,FALSE,Chr-2,0.65
YBR061C,310,74.43,58.74,TRUE,Chr-1,0.64
YMR099C,297,337.3,281.04,TRUE,Chr4,0.73
YGR119C,541,83.21,97.88,TRUE,Chr4,0.71
YCR052W,483,71.44,90.99,TRUE,Chr-3,0.52
YOR350C,663,5.99,20.71,FALSE,Chr4,0.76
YLL006W,426,29.76,46.44,FALSE,Chr-1,0.53
YMR224C,692,9.27,16.29,FALSE,Chr4,0.52
YNL208W,199,816.79,488.2,TRUE,Chr4,0.51
YGL063W,370,3.26,13.7,FALSE,Chr-3,0.76
YNL199C,534,32.43,50.41,TRUE,Chr-1,0.52
YLR084C,1220,27.36,63.7,FALSE,Chr-2,0.69
YLR075W,221,9581.07,7104.14,TRUE,Chr-3,0.58
YGL106W,149,646.82,358.05,TRUE,Chr-2,0.74
YLR369W,657,29.09,30.56,TRUE,Chr-2,0.7
YPL135W,165,219.15,153.31,FALSE,Chr-3,0.51
YMR174C,68,26.01,13.75,FALSE,Chr-3,0.55
YMR102C,834,18.27,39.07,FALSE,Chr-1,0.76
YOR202W,220,155.97,112.3,FALSE,Chr-1,0.59
YLR233C,699,1.56,12.53,FALSE,Chr-1,0.62
YBR007C,736,11.01,19.79,FALSE,Chr-1,0.53
YCL030C,799,298.2,317.71,FALSE,Chr-2,0.52
YNL154C,546,135.76,155.13,FALSE,Chr-3,0.72
YNL299W,642,16,25.99,FALSE,Chr-3,0.53
YLL040C,3144,38.44,93,FALSE,Chr4,0.58
YGL211W,359,27.67,53.46,TRUE,Chr-1,0.5
YIR011C,319,47.51,51.84,FALSE,Chr-2,0.78
YOR006C,313,54.85,40.25,TRUE,Chr-1,0.68
YPR017C,143,37.38,44.74,TRUE,Chr-2,0.6
YFR022W,733,2.23,13.29,FALSE,Chr4,0.8
YJL134W,409,47.54,54.15,TRUE,Chr-2,0.77
YOR172W,786,5.09,25.42,FALSE,Chr-3,0.7
YOL020W,592,40.25,94.69,FALSE,Chr4,0.51
YKL206C,267,55.04,62.67,TRUE,Chr-2,0.76
YIL105C,686,29.93,40.32,FALSE,Chr-2,0.6
YOR106W,283,26.56,33.74,TRUE,Chr-3,0.76
YCL009C,309,448.98,500.59,FALSE,Chr-3,0.68
YJR041C,1174,29.47,49.51,FALSE,Chr-3,0.62
YNL304W,417,16.1,23.13,FALSE,Chr-1,0.75
YKR088C,337,51.91,67.47,TRUE,Chr-3,0.71
YLR352W,807,8.56,19.21,FALSE,Chr-3,0.66
YMR114C,368,6.94,12.3,FALSE,Chr4,0.66
YCR020WB,78,85.39,50.48,FALSE,Chr-2,0.73
YCL039W,745,12.68,20.35,TRUE,Chr-3,0.55
YNL245C,179,27.91,26.39,TRUE,Chr-3,0.71
YIL005W,701,48.97,59.82,TRUE,Chr-1,0.76
YJR055W,164,24.45,16.81,TRUE,Chr-1,0.62
YJL207C,2014,18.01,60.7,FALSE,Chr4,0.66
YKL124W,579,11.08,19.13,FALSE,Chr-1,0.54
YLR340W,312,5801.19,5352.63,TRUE,Chr-2,0.8
YPR106W,443,22.1,38.22,TRUE,Chr-2,0.78
YOR322C,818,16.66,46.09,FALSE,Chr4,0.57
YHR195W,321,18.79,34.96,FALSE,Chr-2,0.52
YDR125C,453,2.93,7.71,FALSE,Chr-1,0.59
YDR411C,341,47.65,56.14,TRUE,Chr-3,0.74
YIL134W,311,7.77,22.79,TRUE,Chr-2,0.54
YJL063C,238,75.73,58.93,TRUE,Chr-1,0.6
YGR215W,110,149.37,95.3,TRUE,Chr4,0.78
YDR363WA,89,553.92,311.88,TRUE,Chr4,0.64
YHL034C,294,1008.86,461.85,TRUE,Chr-2,0.73
YNL312W,273,144.27,96.09,TRUE,Chr4,0.53
YER046W,143,9.92,21.34,FALSE,Chr-1,0.52
YNL227C,590,20.23,30.95,FALSE,Chr-1,0.74
YFR046C,361,8.4,14.59,TRUE,Chr-1,0.58
YJR054W,497,8.56,33.17,FALSE,Chr4,0.5
YLR215C,360,20.91,28.98,FALSE,Chr-3,0.65
YGR098C,1630,5.75,32.19,FALSE,Chr4,0.58
YJL062WA,85,200.16,129.7,TRUE,Chr-1,0.51
YDR362C,672,14.31,28.71,FALSE,Chr4,0.74
YGR253C,260,366.02,332.01,FALSE,Chr-2,0.52
YJR057W,216,52.4,56.96,TRUE,Chr-2,0.65
YKL114C,367,74.36,73.35,FALSE,Chr-1,0.7
YDR119W,768,82.09,127.01,FALSE,Chr-2,0.77
YPR112C,887,82.61,85.61,TRUE,Chr4,0.67
YDR501W,521,9.7,11.9,FALSE,Chr4,0.65
YER170W,225,28.91,21,TRUE,Chr-1,0.64
YMR024W,390,42.7,55.78,FALSE,Chr-2,0.73
YML005W,462,15.78,25.89,FALSE,Chr-3,0.71
YKL150W,302,140.5,108.21,FALSE,Chr-2,0.61
YBR177C,451,85.06,90.03,FALSE,Chr-2,0.64
YOL043C,380,4.06,15.02,TRUE,Chr-2,0.66
YOL123W,534,245.19,215.11,FALSE,Chr-1,0.71
YJR140C,1648,11.74,34.64,FALSE,Chr-3,0.73
YOR130C,292,19.75,30.34,TRUE,Chr-1,0.63
YDR175C,319,52.99,43.04,TRUE,Chr-3,0.61
YML007W,650,52.8,81.02,FALSE,Chr-3,0.75
YBR231C,303,23.26,20.79,TRUE,Chr4,0.59
YCR009C,265,222.2,191.66,TRUE,Chr-3,0.79
YDL053C,185,139,104.55,FALSE,Chr-2,0.69
YOL042W,363,19.28,32.67,TRUE,Chr-1,0.74
YDR313C,286,12.3,28.39,TRUE,Chr4,0.63
YIL002C,946,9.61,31.53,FALSE,Chr-1,0.74
YNL315C,318,53.58,65.62,TRUE,Chr-3,0.71
YJR003C,519,25.35,39.64,TRUE,Chr-1,0.56
YNL134C,376,154.1,100.39,FALSE,Chr-1,0.55
YML052W,302,202.91,209.57,TRUE,Chr4,0.58
YBR106W,188,1217.17,1163.63,TRUE,Chr-3,0.57
YPL199C,240,159.68,139.65,TRUE,Chr4,0.61
YBL076C,1072,484.32,786.07,TRUE,Chr-1,0.62
YDR483W,442,199.97,295.29,TRUE,Chr4,0.59
YBR284W,797,1.14,4.57,TRUE,Chr-2,0.61
YMR155W,547,11.26,20.42,FALSE,Chr-2,0.53
YGR117C,476,29.97,67.41,TRUE,Chr4,0.75
YHR048W,514,1.92,7.76,TRUE,Chr-1,0.54
YLR359W,482,379.76,365.64,TRUE,Chr-1,0.53
YGL048C,405,234.19,223.6,TRUE,Chr-2,0.76
YBL025W,145,37.53,28.85,TRUE,Chr4,0.77
YPR113W,220,295.71,344.51,TRUE,Chr-1,0.71
YNL250W,1312,8.59,25.58,FALSE,Chr4,0.73
YBR273C,436,60.21,53.96,TRUE,Chr-2,0.65
YLR324W,523,35.86,49.03,TRUE,Chr4,0.61
YKL040C,256,119.38,92.47,TRUE,Chr4,0.57
YOL089C,1030,11.94,25.56,FALSE,Chr-2,0.57
YER003C,429,411.29,305.16,TRUE,Chr-2,0.51
YPL209C,367,10.43,12.61,FALSE,Chr4,0.62
YPL164C,715,3.87,15.97,TRUE,Chr-2,0.7
YOR264W,430,77.4,87.9,FALSE,Chr-3,0.71
YJL208C,329,37.22,47.12,TRUE,Chr-2,0.66
YML088W,668,19.49,41.7,TRUE,Chr-3,0.75
YNR015W,384,38.89,54.21,FALSE,Chr-3,0.55
YJL013C,515,7.42,20.83,FALSE,Chr4,0.69
YDR052C,704,20.85,40.76,TRUE,Chr-1,0.75
YNL160W,354,167.25,88.7,TRUE,Chr-3,0.77
YMR157C,255,38.44,43.81,FALSE,Chr4,0.75
YJR001W,602,63.53,101.95,TRUE,Chr-1,0.56
YKL112W,731,74.11,85.71,TRUE,Chr4,0.53
YIL031W,1034,6.37,35.41,FALSE,Chr-1,0.52
YPL058C,1511,17.85,48.21,TRUE,Chr-1,0.52
YNL118C,970,58.87,86.2,TRUE,Chr-2,0.77
YPL254W,488,32.08,51.03,FALSE,Chr-2,0.53
YCR075WA,75,103.32,69.56,FALSE,Chr-1,0.55
YOR065W,309,67.45,64.98,FALSE,Chr-3,0.77
YEL019C,267,10.6,11.43,FALSE,Chr-2,0.76
YIR017C,187,17.98,14.48,FALSE,Chr-2,0.51
YPL218W,190,710.75,567.53,TRUE,Chr-2,0.67
YHR046C,295,45.33,41.71,FALSE,Chr-1,0.51
YDR472W,283,43.09,42.43,TRUE,Chr-1,0.52
YHL003C,411,117.57,141.06,TRUE,Chr-3,0.53
YOR212W,423,97.63,124.73,FALSE,Chr4,0.66
YBR133C,827,19.4,67.84,FALSE,Chr4,0.77
YFR017C,195,12.66,13.12,FALSE,Chr-3,0.53
YPL110C,1223,22.19,33.64,TRUE,Chr-2,0.63
YPR019W,933,38.88,65.88,FALSE,Chr-3,0.76
YPL127C,258,269.23,155.85,TRUE,Chr-1,0.6
YNL073W,576,14.18,49.22,FALSE,Chr-2,0.55
YOL011W,686,7.37,39.39,TRUE,Chr-3,0.68
YGR054W,642,176.42,168.5,TRUE,Chr4,0.7
YKL062W,630,16.54,17.34,FALSE,Chr4,0.54
YGL202W,500,451.12,372.66,TRUE,Chr-2,0.55
YDR317W,414,5.1,6.06,FALSE,Chr-3,0.56
YAL053W,783,47.4,63.73,FALSE,Chr4,0.79
YBR085CA,85,335.23,203.23,FALSE,Chr-2,0.58
YPR022C,1133,14.13,35.71,FALSE,Chr-1,0.76
YIL101C,647,3.31,4.49,FALSE,Chr-3,0.79
YDR016C,94,81.68,76.96,TRUE,Chr4,0.6
YHR129C,384,10.28,27.17,TRUE,Chr-1,0.73
YNL321W,908,23.17,47.1,TRUE,Chr4,0.77
YDR494W,361,43.61,43.49,TRUE,Chr-2,0.55
YJR051W,501,51.72,63.46,FALSE,Chr-1,0.73
YGR086C,339,796.03,704.55,TRUE,Chr4,0.73
YIL107C,827,12.36,24.1,FALSE,Chr-1,0.58
YKL130C,246,63.21,57.22,FALSE,Chr-2,0.67
YIL114C,281,35.39,53.59,TRUE,Chr-3,0.67
YHL023C,1146,9.92,33.07,FALSE,Chr-2,0.65
YIL128W,1032,24.89,49.88,TRUE,Chr-2,0.51
YML120C,513,41.29,41.35,TRUE,Chr-2,0.57
YDL148C,810,78.58,78.32,TRUE,Chr-3,0.75
YPL071C,156,24.96,39.12,TRUE,Chr-3,0.55
YDL171C,2145,130.36,252.34,FALSE,Chr-2,0.63
YML031W,655,43.93,78.67,TRUE,Chr-1,0.74
YDL077C,1049,11.47,31.15,FALSE,Chr-3,0.62
YLR360W,439,11.08,31.28,TRUE,Chr-1,0.71
YJR073C,206,87.09,78.6,TRUE,Chr-3,0.62
YLR090W,459,31.46,52.32,FALSE,Chr-2,0.75
YDR326C,1438,22.85,72.83,FALSE,Chr4,0.65
YBR187W,280,158.02,191.24,TRUE,Chr4,0.62
YGR172C,248,102.2,83.94,TRUE,Chr-1,0.8
YHR023W,1928,23.59,67.01,FALSE,Chr4,0.5
YER151C,912,63.16,88.5,TRUE,Chr-3,0.66
YLR314C,520,218.68,178.5,TRUE,Chr4,0.64
YIL039W,473,91.36,121.22,TRUE,Chr-1,0.77
YOR327C,115,355.79,188.73,TRUE,Chr-1,0.59
YJL121C,238,346.41,276.68,TRUE,Chr-1,0.6
YKR013W,329,263.26,146.75,TRUE,Chr4,0.8
YMR039C,292,99.38,59.16,TRUE,Chr4,0.63
YHR202W,602,7.61,12.67,TRUE,Chr-3,0.79
YOR292C,309,16.59,25.17,FALSE,Chr4,0.62
YER022W,687,28.01,39.76,TRUE,Chr-1,0.79
YDL095W,817,227.7,321.62,TRUE,Chr-1,0.77
YAL038W,500,15983.24,11070.27,TRUE,Chr4,0.79
YLR250W,234,178.45,130.61,TRUE,Chr-1,0.62
YAR019C,974,4.97,16.27,TRUE,Chr4,0.55
YDR049W,632,25.86,32.55,FALSE,Chr-3,0.8
YJL111W,550,232.88,222.63,TRUE,Chr-1,0.74
YEL046C,387,578.98,444.84,TRUE,Chr-3,0.68
YKL222C,705,1.07,12.01,FALSE,Chr4,0.63
YKR083C,133,45.79,41.81,FALSE,Chr-3,0.57
YJL193W,402,17.37,32.93,TRUE,Chr-1,0.71
YMR280C,1433,1.63,3.54,FALSE,Chr-2,0.55
YGL251C,1187,1.11,7.92,FALSE,Chr4,0.62
YJR007W,304,459.76,338.03,FALSE,Chr-1,0.63
YBR140C,3092,12.57,63.73,FALSE,Chr4,0.58
YPR035W,370,963.77,658.42,FALSE,Chr-1,0.64
YJR005W,700,25.31,49.92,TRUE,Chr-2,0.6
YJL026W,399,562.7,428.01,FALSE,Chr-1,0.5
YJL130C,2214,337.54,486.44,TRUE,Chr-1,0.74
YDR265W,337,8.5,24.53,TRUE,Chr4,0.77
YIL155C,649,18.98,32.3,FALSE,Chr-2,0.54
YHL004W,394,60.96,71.7,TRUE,Chr-1,0.53
YOL126C,377,81.56,81.2,FALSE,Chr-1,0.72
YNL062C,478,74.17,82.27,TRUE,Chr-3,0.63
YKR077W,363,26.36,13.56,TRUE,Chr-3,0.66
YDR405W,263,48.06,39.11,FALSE,Chr-3,0.55
YOR039W,258,115.87,123.99,FALSE,Chr-3,0.79
YHR030C,484,47.92,76.36,TRUE,Chr-1,0.51
YJR040W,779,29.93,53.2,TRUE,Chr-1,0.56
YML108W,105,92.68,82.96,TRUE,Chr-1,0.63
YMR149W,286,167.28,187.74,FALSE,Chr-3,0.67
YML076C,944,10.49,23.15,TRUE,Chr-2,0.7
YDR331W,411,57.51,66.82,FALSE,Chr4,0.57
YGR028W,362,25.34,42.28,TRUE,Chr4,0.71
YPL183C,1013,44.62,68.36,TRUE,Chr4,0.76
YKR080W,320,154.77,159.49,TRUE,Chr-1,0.72
YKR095WA,88,147.77,110.17,TRUE,Chr-3,0.55
YPR149W,173,1013.92,717.46,TRUE,Chr4,0.8
YBR026C,380,99.9,78.23,TRUE,Chr-3,0.63
YGL013C,1068,19.05,55.3,TRUE,Chr-3,0.56
YLR455W,304,33.95,62.49,TRUE,Chr-3,0.77
YBL028C,106,341.25,190.36,TRUE,Chr-1,0.67
YGL039W,348,97.6,112.86,FALSE,Chr-2,0.57
YGR081C,210,91.35,73.59,TRUE,Chr-1,0.58
YML081CA,59,428.61,220.22,TRUE,Chr4,0.78
YKL108W,453,14,23.25,TRUE,Chr4,0.54
YDR032C,198,634.52,327.85,TRUE,Chr-3,0.56
YOR054C,674,13.51,18.04,TRUE,Chr-3,0.71
YCL054W,841,90.99,92.75,FALSE,Chr-1,0.57
YLR163C,462,64.69,76.59,TRUE,Chr4,0.6
YHR137W,513,53.34,71.76,TRUE,Chr-1,0.72
YDR390C,636,36.25,52.85,TRUE,Chr-1,0.51
YBR272C,480,31.76,40.5,TRUE,Chr4,0.66
YBR002C,286,40.3,53.17,TRUE,Chr4,0.62
YHR081W,184,113.91,65,TRUE,Chr4,0.78
YMR106C,629,9.91,16.35,TRUE,Chr-2,0.7
YNL257C,1229,9.29,41.41,TRUE,Chr-1,0.69
YJL103C,618,1.74,5.97,FALSE,Chr-3,0.73
YKL125W,627,29.88,43.41,TRUE,Chr-3,0.56
YDR021W,399,23.29,25.9,FALSE,Chr-1,0.7
YIL124W,297,148.06,130.74,TRUE,Chr-2,0.73
YER178W,420,838.24,996.84,TRUE,Chr-1,0.76
YNL124W,492,26.84,26.41,FALSE,Chr-3,0.53
YNL036W,221,293.49,170.58,FALSE,Chr-3,0.64
YKL165C,919,47.1,68.23,TRUE,Chr-2,0.75
YDR087C,278,135.34,99.67,TRUE,Chr-1,0.74
YAR002W,539,78.64,70.67,TRUE,Chr-2,0.76
YEL053C,733,14.63,32.36,TRUE,Chr-2,0.5
YDR379W,1009,10.75,22.92,FALSE,Chr-1,0.53
YFL008W,1225,30.44,54.04,TRUE,Chr-2,0.53
YDR378C,86,275.59,230.05,TRUE,Chr4,0.69
YMR111C,462,9.96,17.68,FALSE,Chr4,0.69
YMR135C,455,14.01,24.23,FALSE,Chr-2,0.52
YNL064C,409,1152.51,727.52,TRUE,Chr-3,0.71
YBR164C,183,238.1,156.79,TRUE,Chr-2,0.51
YOL140W,423,10.58,36.42,FALSE,Chr-1,0.73
YLR234W,656,5.92,14.78,FALSE,Chr4,0.71
YDL091C,455,14.2,24.23,FALSE,Chr4,0.66
YML009C,70,249.44,168.74,TRUE,Chr-1,0.65
YLR189C,1198,11.08,38.29,TRUE,Chr-1,0.76
YIL127C,206,87.53,61.4,TRUE,Chr-3,0.56
YEL009C,281,27.76,894.11,FALSE,Chr-3,0.79
YDL216C,440,7.57,12.53,TRUE,Chr4,0.69
YEL052W,509,30.58,62.56,TRUE,Chr-3,0.76
YGR133W,183,15.19,23.67,FALSE,Chr-3,0.54
YKR044W,443,9.29,25.22,TRUE,Chr-1,0.54
YHL018W,120,17.39,14.76,TRUE,Chr-3,0.72
YOR196C,414,36.53,51.12,FALSE,Chr4,0.74
YIL095W,810,14.9,23.57,TRUE,Chr-3,0.77
YNL217W,326,64.41,121.53,TRUE,Chr4,0.8
YBR244W,162,221.45,150.38,FALSE,Chr-1,0.58
YNL236W,974,18.03,45.68,TRUE,Chr-2,0.8
YNL083W,494,9.73,20.32,TRUE,Chr-3,0.5
YJL078C,881,84.06,66.81,FALSE,Chr-2,0.6
YOL041C,459,159.08,126.95,TRUE,Chr-1,0.73
YPR023C,401,62.17,90.7,TRUE,Chr-3,0.79
YPL096W,363,22.7,24,TRUE,Chr-2,0.66
YOL009C,271,8.7,13.26,FALSE,Chr-2,0.62
YLR093C,253,109.27,98.43,TRUE,Chr-2,0.78
YDR529C,127,256.51,198.02,FALSE,Chr-3,0.7
YNL053W,489,13.18,28.38,TRUE,Chr4,0.53
YKL028W,482,40.98,71.07,FALSE,Chr-3,0.56
YOR228C,302,8.09,14.83,TRUE,Chr-2,0.69
YNL040W,456,31.44,55.8,FALSE,Chr4,0.63
YOL064C,357,107.59,88.37,TRUE,Chr-2,0.56
YPR190C,654,41.53,60.88,TRUE,Chr-1,0.7
YLR440C,709,31.97,42.27,TRUE,Chr4,0.8
YJR141W,347,7.69,24.54,FALSE,Chr-3,0.56
YDL147W,445,243.12,217.54,TRUE,Chr-2,0.63
YNL023C,965,14.01,37.08,TRUE,Chr-2,0.6
YDR047W,362,76.26,92.86,TRUE,Chr-3,0.59
YGL023C,635,27.08,56.42,TRUE,Chr-3,0.76
YDR273W,365,2.73,5.26,FALSE,Chr-3,0.79
YMR217W,525,727.48,665.67,TRUE,Chr4,0.71
YNL192W,1131,48.35,86.59,TRUE,Chr-2,0.76
YAL041W,854,27.46,53.48,TRUE,Chr4,0.55
YJL181W,611,8.33,21.67,TRUE,Chr4,0.63
YJR110W,688,8.84,23.53,FALSE,Chr-1,0.78
YLR150W,273,4489.61,2735.86,TRUE,Chr-3,0.54
YMR185W,981,10.17,27.69,FALSE,Chr-2,0.53
YKL195W,403,118.5,142.39,TRUE,Chr-1,0.76
YNR060W,719,3.54,5.48,FALSE,Chr4,0.64
YOR163W,188,150.19,112.57,TRUE,Chr-2,0.68
YDR361C,283,145.93,117.04,TRUE,Chr-3,0.75
YDR471W,136,2441.23,1745.69,TRUE,Chr-2,0.75
YDR261C,562,52.99,87.4,TRUE,Chr-2,0.63
YLR138W,985,24.48,77.15,FALSE,Chr-2,0.77
YKR045C,183,26.13,27.7,FALSE,Chr4,0.68
YBL092W,130,9582.88,6165.91,TRUE,Chr-1,0.79
YNL234W,426,4.78,11.9,TRUE,Chr-2,0.57
YNL293W,633,12.61,20.6,TRUE,Chr-3,0.78
YMR092C,615,173.14,169.89,TRUE,Chr4,0.71
YDL085CA,68,306.42,161.4,TRUE,Chr-1,0.5
YFL034W,1073,14.23,30.91,TRUE,Chr-1,0.55
YER092W,125,122.07,92.52,FALSE,Chr4,0.63
YOL025W,660,9.82,19.16,FALSE,Chr-3,0.66
YJR138W,1584,8.73,28.24,FALSE,Chr-2,0.55
YOL059W,440,202.01,185.9,FALSE,Chr-2,0.53
YJR046W,604,24.53,72.85,FALSE,Chr-2,0.66
YOR136W,369,478.4,361.18,TRUE,Chr4,0.56
YGL209W,382,37.57,32.98,TRUE,Chr-3,0.68
YMR221C,504,48.64,80.46,TRUE,Chr4,0.68
YER050C,138,130.29,86.66,FALSE,Chr-1,0.54
YHR150W,579,5.35,16.75,TRUE,Chr-2,0.58
YGR090W,1237,64.2,116.02,FALSE,Chr4,0.68
YJL179W,109,194.43,107.01,FALSE,Chr-2,0.67
YKL110C,313,52.43,60.38,TRUE,Chr-3,0.77
YCR092C,1018,14.94,26.69,TRUE,Chr-3,0.71
YGL044C,296,57.74,32.09,FALSE,Chr-2,0.68
YDL010W,231,55.39,42.4,FALSE,Chr-1,0.71
YHR158C,1164,35.14,53.02,FALSE,Chr-2,0.58
YJL198W,881,33.89,61.95,FALSE,Chr-1,0.74
YPL038W,177,35.14,47.27,FALSE,Chr-1,0.59
YHR074W,714,86.14,118.63,FALSE,Chr4,0.75
YMR199W,546,25.82,48.58,FALSE,Chr-3,0.68
YMR009W,179,69.89,58.56,TRUE,Chr-2,0.59
YDR267C,330,42.35,29.23,TRUE,Chr-3,0.59
YOR298CA,151,1750.76,1034.5,FALSE,Chr-2,0.69
YGL237C,265,30.9,21.54,FALSE,Chr-1,0.57
YGR046W,385,15.67,31.19,FALSE,Chr-3,0.62
YIL033C,416,133.6,93.58,TRUE,Chr-1,0.54
YCL057W,712,97.89,144.67,TRUE,Chr-3,0.66
YDL170W,528,8.34,18.83,FALSE,Chr-2,0.64
YER100W,250,177.81,88.98,TRUE,Chr-2,0.72
YBR154C,215,370.63,233.49,TRUE,Chr-3,0.55
YDL022W,391,390.7,235.25,TRUE,Chr4,0.66
YGL172W,472,85.52,73.41,TRUE,Chr-2,0.66
YDL199C,687,4.02,8.02,TRUE,Chr-1,0.57
YBR068C,609,189.05,277.84,TRUE,Chr4,0.61
YPL072W,499,4.83,21.2,FALSE,Chr4,0.68
YNL313C,904,50.46,79.1,TRUE,Chr-1,0.73
YLR323C,259,23.26,24.32,FALSE,Chr-3,0.78
YEL005C,282,7.58,17.1,FALSE,Chr-1,0.76
YGL035C,504,47.27,44.04,FALSE,Chr-2,0.73
YBR179C,855,21.98,37.88,TRUE,Chr4,0.7
YNL275W,576,9.66,23.75,TRUE,Chr-1,0.57
YGR021W,290,22.83,27.32,TRUE,Chr4,0.76
YOL101C,312,24.59,22.24,FALSE,Chr-1,0.68
YKL117W,216,1072.94,391.44,TRUE,Chr4,0.67
YFL001W,442,26.24,43.31,TRUE,Chr-3,0.6
YOR229W,467,21.66,32.67,FALSE,Chr-3,0.63
YHR191C,133,53.15,39.22,FALSE,Chr4,0.59
YOR132W,551,42.03,63.15,TRUE,Chr-1,0.68
YDR132C,495,8.25,13.42,TRUE,Chr-3,0.58
YDR122W,1064,27.2,60.78,FALSE,Chr4,0.58
YER025W,527,487.72,367.11,TRUE,Chr-2,0.57
YJL141C,807,15.11,39.52,TRUE,Chr4,0.74
YJL002C,476,195.72,264.79,TRUE,Chr4,0.76
YBR052C,210,230.72,187.96,TRUE,Chr4,0.57
YKR036C,643,10.36,34.52,TRUE,Chr-2,0.56
YER082C,554,71.01,75.16,TRUE,Chr-1,0.65
YHR065C,501,100.28,89,FALSE,Chr-2,0.69
YFL049W,623,21.01,27.89,TRUE,Chr-1,0.77
YCL012C,134,35.83,38.2,FALSE,Chr4,0.51
YOR042W,411,99.82,113.52,TRUE,Chr-2,0.6
YPL105C,849,36.28,65.04,FALSE,Chr-3,0.66
YJL200C,789,83.08,122.07,FALSE,Chr-3,0.69
YOL075C,1294,7.11,23.31,FALSE,Chr4,0.54
YML111W,920,21.97,48.04,TRUE,Chr-3,0.72
YOR256C,809,17.6,41.85,FALSE,Chr-3,0.72
YKL007W,268,157.09,133.14,TRUE,Chr-2,0.73
YIL064W,257,68.27,71.81,FALSE,Chr-3,0.55
YEL020C,560,9.44,20.13,FALSE,Chr4,0.75
YOR356W,631,50.25,75.89,TRUE,Chr-3,0.52
YNR066C,436,3.14,12.19,FALSE,Chr-1,0.71
YOL098C,1037,71.45,122.92,TRUE,Chr-3,0.73
YOR150W,163,88.2,112.02,TRUE,Chr-2,0.57
YBL036C,257,177.86,119.5,TRUE,Chr4,0.63
YHL038C,630,11.2,18.05,TRUE,Chr-2,0.72
YDL069C,229,6.45,15.26,FALSE,Chr-2,0.52
YIL083C,365,52.44,57.04,FALSE,Chr-1,0.59
YNR034WA,98,16.99,8.54,FALSE,Chr-1,0.57
YBR071W,211,81.16,48.98,TRUE,Chr-3,0.52
YML119W,357,21.96,25.64,TRUE,Chr-2,0.71
YHR020W,688,502.29,515.4,FALSE,Chr-3,0.78
YNL166C,448,74.23,56.36,TRUE,Chr-3,0.51
YJR147W,358,12.63,72.17,TRUE,Chr-1,0.72
YNL240C,491,22.93,40.8,TRUE,Chr-2,0.79
YOR384W,694,3.3,10.07,FALSE,Chr-2,0.58
YDR461CA,80,117.59,65.83,FALSE,Chr-2,0.69
YMR100W,620,14.16,40.96,TRUE,Chr-1,0.56
YPR198W,543,29.65,33.26,TRUE,Chr-2,0.72
YLR348C,298,106.23,169.78,TRUE,Chr-2,0.8
YGL245W,708,841.31,821.85,TRUE,Chr-2,0.67
YLR039C,1056,17.22,36.35,FALSE,Chr-3,0.76
YDL127W,308,25.77,36.43,TRUE,Chr-2,0.6
YDR071C,191,462.73,286.02,FALSE,Chr4,0.58
YIL096C,336,26.92,37.64,FALSE,Chr-3,0.57
YMR277W,732,31.98,63.13,FALSE,Chr-1,0.54
YGL037C,216,516.44,322.41,FALSE,Chr4,0.67
YJR126C,811,24.4,60.81,FALSE,Chr-1,0.78
YGR062C,316,7.44,18.38,TRUE,Chr-3,0.57
YGL139W,802,33.55,67.62,FALSE,Chr-2,0.58
YDR354W,380,59.04,74.99,TRUE,Chr-1,0.75
YBR237W,849,7.1,23.54,FALSE,Chr-2,0.8
YFR041C,295,52.95,56.72,TRUE,Chr-1,0.72
YJR124C,448,43.08,57.23,FALSE,Chr-2,0.79
YJL029C,822,20.38,51.49,TRUE,Chr-3,0.75
YLR136C,285,78.64,67.69,FALSE,Chr-1,0.51
YPR095C,1226,6.2,26.01,FALSE,Chr-1,0.7
YER105C,1391,40.93,101.65,TRUE,Chr-1,0.51
YPR174C,221,33.07,31.85,TRUE,Chr4,0.64
YHR102W,1080,16.5,32.17,TRUE,Chr-2,0.51
YJL008C,568,263.37,280.73,TRUE,Chr-2,0.68
YJR097W,172,39.74,30.04,TRUE,Chr-1,0.79
YDR454C,187,696.34,539.26,TRUE,Chr4,0.62
YLR423C,417,9.76,12.63,FALSE,Chr-3,0.75
YAR018C,435,17.35,34.73,FALSE,Chr-2,0.67
YLR116W,476,23.3,35.05,FALSE,Chr-1,0.57
YPL037C,157,2746.26,1490.56,TRUE,Chr-2,0.75
YOR253W,176,173.43,159.11,TRUE,Chr-3,0.6
YMR064W,518,8.93,38.38,FALSE,Chr-1,0.54
YCL034W,354,80.93,91.48,TRUE,Chr4,0.66
YBR115C,1392,90.97,118.8,FALSE,Chr-3,0.54
YPR111W,564,14.29,24.69,FALSE,Chr-1,0.75
YLR306W,188,22.33,27.75,TRUE,Chr-2,0.74
YMR010W,405,37.82,78.99,FALSE,Chr-3,0.78
YDR067C,224,17.61,32.74,TRUE,Chr-3,0.52
YDR051C,334,68.42,58.5,TRUE,Chr-1,0.78
YER053C,300,25.94,32.15,TRUE,Chr4,0.78
YMR209C,457,21.56,43.51,TRUE,Chr-2,0.52
YDR014W,647,6.37,15.75,FALSE,Chr4,0.73
YGL244W,558,119.78,66.94,FALSE,Chr-2,0.63
YLR438W,424,364.98,259.31,TRUE,Chr-2,0.7
YFL021W,510,19.3,28.85,FALSE,Chr4,0.78
YJL109C,1769,61.06,165.09,FALSE,Chr-1,0.66
YLR259C,572,1285.95,1043.67,TRUE,Chr4,0.79
YDR353W,319,866.77,523.01,FALSE,Chr-3,0.79
YDR113C,373,40.42,26.26,FALSE,Chr-3,0.53
YDL097C,434,248.86,212.4,FALSE,Chr-3,0.72
YGR076C,157,59.96,37.93,FALSE,Chr-3,0.65
YLR421C,156,283,189.29,FALSE,Chr4,0.59
YGL043W,309,167.7,125.98,TRUE,Chr-2,0.53
YPL055C,332,48.18,47.58,FALSE,Chr-2,0.64
YDR352W,317,36.93,45.49,FALSE,Chr4,0.71
YNR048W,393,13.12,18.53,TRUE,Chr-2,0.73
YPL180W,799,20.24,35.6,FALSE,Chr4,0.7
YDL025C,620,13.1,29.37,FALSE,Chr-3,0.69
YJR090C,1151,15.65,49.39,FALSE,Chr4,0.77
YNL314W,255,9.12,21.42,FALSE,Chr-1,0.6
YPL104W,658,11.9,28.05,FALSE,Chr-1,0.69
YLR087C,2958,3.5,36.72,FALSE,Chr-3,0.74
YDR118W,652,10.1,19.85,FALSE,Chr4,0.58
YLL058W,575,28.05,32.35,TRUE,Chr-2,0.77
YJL092W,1174,9.26,41.46,FALSE,Chr4,0.78
YML078W,182,530.46,325.04,TRUE,Chr-1,0.54
YBL074C,355,18.18,28.42,TRUE,Chr-3,0.63
YGL162W,299,11.92,22.39,TRUE,Chr4,0.78
YDR500C,88,4369.54,2763.88,FALSE,Chr-1,0.5
YMR083W,375,639.54,581.4,TRUE,Chr-1,0.62
YGL176C,554,3.85,21.94,FALSE,Chr-1,0.66
YPR104C,936,20.58,35.54,FALSE,Chr4,0.51
YDL014W,327,1115.15,583.66,FALSE,Chr-1,0.61
YDR414C,362,17.29,34.53,FALSE,Chr-2,0.66
YOR056C,459,70,75.7,FALSE,Chr4,0.75
YLR399C,686,104.88,167.52,TRUE,Chr-2,0.71
YGL221C,288,165.78,154.65,FALSE,Chr-3,0.69
YOR046C,482,252.32,239.75,TRUE,Chr4,0.57
YOL151W,342,124.16,101.31,TRUE,Chr-2,0.65
YPL097W,492,15.54,26.31,TRUE,Chr-3,0.56
YCR003W,183,57.82,43.03,TRUE,Chr-3,0.61
YOR162C,810,4.94,19.93,FALSE,Chr4,0.73
YEL059CA,74,17.77,17.29,TRUE,Chr4,0.71
YIR012W,431,169.28,141.71,TRUE,Chr-3,0.54
YPL224C,484,19.8,34.67,FALSE,Chr4,0.78
YKL160W,145,264.61,302.42,TRUE,Chr-3,0.53
YGL155W,376,25.19,64.66,FALSE,Chr-1,0.77
YKR001C,704,265.04,219.44,TRUE,Chr4,0.65
YOR219C,931,15.55,32.77,TRUE,Chr-3,0.69
YJR088C,292,146.84,118.49,TRUE,Chr-2,0.77
YLR388W,56,7897.17,2747.26,FALSE,Chr-1,0.73
YDR079W,111,63.1,38.13,FALSE,Chr-1,0.66
YOR110W,435,29.57,39.94,TRUE,Chr-1,0.53
YOL057W,711,67.67,84.86,TRUE,Chr4,0.77
YGR238C,882,4.75,19.53,FALSE,Chr-3,0.53
YKL057C,1037,40.92,80.59,TRUE,Chr4,0.53
YLR089C,592,95.87,111.15,TRUE,Chr-2,0.67
YFL017WA,77,161.14,99.07,TRUE,Chr-1,0.69
YDR089W,869,32.14,53.18,FALSE,Chr-1,0.75
YBR081C,1332,18.21,43.38,FALSE,Chr4,0.69
YKL122C,167,150.65,109.04,TRUE,Chr-3,0.5
YDL145C,1201,207.64,347.74,FALSE,Chr-2,0.63
YKL159C,211,19.84,18.89,TRUE,Chr4,0.64
YGL219C,459,26.62,44.28,TRUE,Chr-1,0.64
YPL060W,413,7.83,14.54,FALSE,Chr-3,0.51
YEL024W,215,102.1,68.9,TRUE,Chr-2,0.51
YHL017W,532,41.87,70.31,TRUE,Chr-1,0.8
YGR197C,547,12.22,20.78,TRUE,Chr-1,0.52
YMR160W,816,9.47,17.85,FALSE,Chr4,0.73
YPL122C,513,20.56,42.79,TRUE,Chr-2,0.56
YKL103C,514,99.67,88.47,TRUE,Chr4,0.8
YGL111W,463,67.32,77.92,FALSE,Chr-2,0.64
YGL071W,690,20.63,49.07,FALSE,Chr-1,0.74
YJR085C,105,515.05,253.58,TRUE,Chr-3,0.56
YOL100W,1081,8.8,26.77,FALSE,Chr-1,0.51
YOL052C,396,81,73.95,TRUE,Chr-3,0.59
YMR252C,134,12.81,35.63,TRUE,Chr4,0.64
YOR369C,143,7351.02,6945.2,TRUE,Chr-1,0.68
YGL091C,328,44.48,41.86,TRUE,Chr-1,0.71
YLR453C,395,4.59,8.85,FALSE,Chr-3,0.78
YCR021C,332,5.56,7.12,FALSE,Chr4,0.52
YPL131W,297,6830.22,4881.59,TRUE,Chr-2,0.77
YJL147C,382,6.5,14.3,FALSE,Chr4,0.54
YDL012C,107,215.99,73.13,TRUE,Chr4,0.54
YMR281W,304,31.5,28.82,FALSE,Chr4,0.68
YLR426W,326,15.66,36.68,FALSE,Chr-3,0.73
YIR033W,1113,38.65,81.49,FALSE,Chr-3,0.53
YGR282C,313,1238,1013.24,TRUE,Chr4,0.57
YJR011C,261,14.62,22.63,TRUE,Chr-1,0.65
YNL249C,542,6.26,13.17,TRUE,Chr-1,0.54
YMR153W,475,62.36,53.26,TRUE,Chr4,0.76
YJL093C,691,7.02,38.32,FALSE,Chr-2,0.65
YCR030C,870,42.36,52.33,TRUE,Chr4,0.63
YKR067W,743,33.53,55.04,TRUE,Chr-1,0.61
YDL189W,457,39.94,64.08,TRUE,Chr-1,0.65
YDR101C,593,106.19,127.81,TRUE,Chr-2,0.59
YBL056W,468,125.77,217.37,FALSE,Chr-1,0.67
YGL256W,382,10.85,49.47,FALSE,Chr-2,0.54
YLR104W,131,77.5,70.63,TRUE,Chr-1,0.59
YGR161C,263,65.78,34.24,TRUE,Chr-1,0.72
YDR076W,406,4.68,13.82,FALSE,Chr-1,0.59
YJR017C,170,217.58,218.28,TRUE,Chr-3,0.59
YKL096W,239,393.6,222.6,TRUE,Chr-1,0.65
YPR033C,546,391.65,372.9,FALSE,Chr-2,0.76
YDR359C,982,11.23,43.55,FALSE,Chr-2,0.5
YMR055C,306,10.35,16.08,TRUE,Chr-2,0.6
YKL046C,449,105.4,96.46,FALSE,Chr-1,0.7
YDR061W,539,26.23,46.48,FALSE,Chr-3,0.61
YMR078C,741,13.8,37.53,FALSE,Chr-3,0.71
YKL138CA,69,203.86,108.42,FALSE,Chr-2,0.55
YOR069W,675,44.12,44.91,TRUE,Chr-2,0.8
YOR319W,213,20.47,36.28,FALSE,Chr4,0.65
YGR105W,77,268,152.76,TRUE,Chr-3,0.79
YPR070W,566,15.91,32.09,TRUE,Chr-2,0.62
YOL114C,202,6.77,13.64,FALSE,Chr-1,0.74
YDL099W,341,87.12,56.29,FALSE,Chr4,0.73
YDR163W,175,51.57,22.78,TRUE,Chr-3,0.7
YKL042W,363,32.56,27.52,TRUE,Chr-3,0.65
YPL045W,798,15.16,35.22,FALSE,Chr-2,0.68
YBL104C,1038,11.63,33.33,TRUE,Chr-3,0.65
YOR140W,766,13.6,24.54,FALSE,Chr-1,0.75
YLR106C,4910,40.54,138.56,FALSE,Chr-1,0.54
YBR044C,572,8.89,27.88,FALSE,Chr-2,0.69
YJR076C,415,129.67,112.66,TRUE,Chr4,0.74
YNL010W,241,639.28,558.93,TRUE,Chr-2,0.73
YLR103C,650,12.73,22.71,TRUE,Chr-3,0.78
YNL281W,153,391.12,386.97,FALSE,Chr-2,0.52
YHR042W,691,171.01,219.87,TRUE,Chr-2,0.61
YGR211W,486,202.36,166.99,TRUE,Chr-1,0.59
YPL265W,608,180.48,198.72,FALSE,Chr-2,0.5
YFL041W,622,60.01,72.48,TRUE,Chr4,0.59
YER116C,274,19.96,25.69,FALSE,Chr-2,0.59
YGR202C,424,46.3,42.02,FALSE,Chr-1,0.7
YMR037C,704,31.25,41.94,TRUE,Chr-1,0.59
YIL009W,694,30.47,78.15,TRUE,Chr-2,0.58
YGL017W,503,16.11,23.48,FALSE,Chr-2,0.52
YDR019C,400,153.78,167.82,TRUE,Chr-1,0.71
YGR146C,211,41.15,66.24,FALSE,Chr4,0.52
YCR063W,157,25.5,24.14,TRUE,Chr-1,0.64
YCR023C,611,11.99,42.37,TRUE,Chr-1,0.55
YDR219C,465,24.27,34.61,FALSE,Chr-3,0.62
YBR038W,963,53.09,71.24,TRUE,Chr4,0.68
YDR498C,383,21.57,32,FALSE,Chr-3,0.75
YJR034W,108,87.77,51.04,TRUE,Chr-3,0.64
YLL007C,665,10.47,16.58,FALSE,Chr4,0.61
YBR211C,324,22.3,26.43,TRUE,Chr-2,0.73
YPL064C,301,19.87,45.78,FALSE,Chr-2,0.56
YDR379CA,79,37.56,22.43,FALSE,Chr-1,0.56
YKL157W,952,154.03,164.76,TRUE,Chr-1,0.8
YLR129W,943,63.67,94.72,TRUE,Chr-2,0.8
YGL056C,527,55.08,49.78,TRUE,Chr-1,0.68
YLR373C,901,15.66,31.14,TRUE,Chr4,0.52
YIL067C,678,12.18,27,TRUE,Chr4,0.75
YJR098C,656,8.23,11.93,FALSE,Chr-2,0.5
YGR169CA,92,299.37,40.12,TRUE,Chr-2,0.52
YDR200C,604,11.86,27.87,TRUE,Chr-3,0.62
YGR077C,589,9.06,27.99,TRUE,Chr-2,0.53
YLR203C,436,66.9,100.01,TRUE,Chr-1,0.73
YNL032W,281,37.08,44.84,TRUE,Chr4,0.5
YHR121W,187,134.43,97.64,TRUE,Chr-1,0.66
YLR079W,284,80.62,92.37,TRUE,Chr-3,0.75
YER044C,148,114.04,90.12,TRUE,Chr-2,0.59
YPR097W,1073,36.41,68.71,FALSE,Chr-1,0.6
YDL075W,113,6544.31,4109.69,TRUE,Chr4,0.61
YBR137W,179,131.43,83.03,FALSE,Chr-3,0.51
YBL017C,1579,70.79,121.31,FALSE,Chr4,0.68
YIL045W,538,9.54,10.34,FALSE,Chr4,0.5
YNL141W,347,102.81,98.29,FALSE,Chr-3,0.65
YER128W,203,18,15.27,FALSE,Chr-1,0.62
YHL026C,315,3.97,16.25,TRUE,Chr4,0.56
YJR005CA,93,13.79,4.76,FALSE,Chr-2,0.77
YDR079CA,72,92.6,47.85,FALSE,Chr-2,0.5
YDR152W,265,122.66,125.92,FALSE,Chr-3,0.53
YLR175W,483,507.49,503.67,TRUE,Chr-3,0.61
YJR066W,2470,12.22,49.31,FALSE,Chr-1,0.62
YBR077C,162,80.51,70.18,FALSE,Chr-3,0.53
YIR006C,1480,97.94,154.73,TRUE,Chr-3,0.69
YKL056C,167,5314.5,4567.29,TRUE,Chr-2,0.69
YOL143C,169,608.73,371.59,FALSE,Chr-1,0.78
YFR002W,839,55.67,96.38,FALSE,Chr-3,0.75
YMR145C,560,130.69,162.15,TRUE,Chr-3,0.7
YGL038C,480,35.58,47.06,FALSE,Chr4,0.6
YPR084W,456,8.64,21.05,FALSE,Chr-3,0.59
YOR095C,258,172.5,125.71,TRUE,Chr-3,0.79
YNL008C,676,17.12,36.47,FALSE,Chr-3,0.77
YOR101W,309,72.65,75.02,FALSE,Chr4,0.54
YMR098C,612,13.12,30.8,FALSE,Chr-2,0.78
YBR152W,291,19.06,22.66,FALSE,Chr-2,0.61
YIL027C,141,121.26,117.98,TRUE,Chr-1,0.57
YKR068C,193,104.37,98.18,TRUE,Chr4,0.77
YAL031C,760,11.53,26.23,FALSE,Chr-1,0.5
YHR058C,295,38.94,35.37,TRUE,Chr4,0.71
YKL058W,122,125.81,138.37,TRUE,Chr-2,0.5
YMR255W,188,57.93,57.85,FALSE,Chr-1,0.65
YIL113W,209,4.62,8.48,TRUE,Chr-1,0.67
YBR281C,878,31.4,45.52,FALSE,Chr-2,0.78
YCL064C,360,586.41,406.85,TRUE,Chr4,0.79
YJR048W,109,275.98,120.55,TRUE,Chr-3,0.78
YOR311C,290,66.27,80.61,TRUE,Chr-1,0.65
YLR085C,438,20.12,29.66,TRUE,Chr-1,0.54
YPL034W,165,5.62,28.63,TRUE,Chr-3,0.79
YML074C,411,518.5,319.36,TRUE,Chr-3,0.62
YPR065W,368,65.2,46.41,TRUE,Chr4,0.57
YNL238W,814,33.96,67.29,FALSE,Chr4,0.58
YDL098C,194,29.72,37.04,TRUE,Chr-2,0.66
YOR193W,376,6.36,24.74,FALSE,Chr-1,0.52
YNL161W,756,41.08,57.74,FALSE,Chr-3,0.65
YLR181C,330,49.18,49.81,FALSE,Chr-3,0.55
YPL002C,233,21.41,36.12,FALSE,Chr4,0.78
YHR192W,278,45.35,53.46,TRUE,Chr4,0.71
YNL056W,197,42.49,77.7,TRUE,Chr-1,0.69
YBR189W,195,6351.14,4449.31,TRUE,Chr-3,0.65
YKL109W,554,16.58,29.49,FALSE,Chr4,0.7
YFR037C,557,131.87,128.65,TRUE,Chr-2,0.68
YDR481C,566,219.68,259.55,TRUE,Chr-1,0.69
YKL027W,447,38.69,46.35,TRUE,Chr4,0.61
YGR084C,339,45.18,54.3,FALSE,Chr-3,0.78
YGL119W,501,22.94,34.28,TRUE,Chr-2,0.66
YOR241W,548,54.02,77.77,FALSE,Chr-2,0.72
YLR131C,770,18.07,29.59,FALSE,Chr-3,0.65
YOR171C,624,49.66,60.73,FALSE,Chr-3,0.5
YKR090W,706,25.09,36.39,FALSE,Chr-1,0.58
YNL100W,234,50.39,51.74,TRUE,Chr-1,0.54
YDL017W,507,14.62,18.15,TRUE,Chr-3,0.61
YPL232W,290,138.7,132.88,TRUE,Chr-1,0.6
YNL300W,102,323.51,121.59,TRUE,Chr-1,0.51
YJL056C,880,5.39,18.06,FALSE,Chr4,0.77
YLR291C,381,96.28,141.32,TRUE,Chr4,0.54
YDR186C,877,24.14,61.67,FALSE,Chr-2,0.61
YBR215W,625,21.73,24.1,FALSE,Chr-1,0.51
YNL070W,60,521.67,221.47,TRUE,Chr-2,0.68
YPL029W,737,8.69,25.38,FALSE,Chr4,0.74
YMR231W,1029,20.42,40.27,FALSE,Chr4,0.66
YJL158C,227,1917.55,693.13,TRUE,Chr-3,0.8
YNR001C,479,156.28,165.42,TRUE,Chr-3,0.62
YNR010W,149,37.79,29.07,TRUE,Chr-2,0.53
YOR329C,872,16.54,34.54,TRUE,Chr-1,0.64
YGR147C,288,57.68,87.49,TRUE,Chr-1,0.51
YGL166W,225,26.75,31.06,TRUE,Chr-2,0.72
YKR089C,910,22.49,57.33,FALSE,Chr-1,0.5
YOR119C,484,37.31,40.17,TRUE,Chr-1,0.54
YOR143C,319,24.64,29.47,TRUE,Chr-1,0.69
YEL063C,590,73.05,96.68,TRUE,Chr4,0.52
YMR251WA,59,1649.31,806.63,FALSE,Chr-1,0.55
YMR088C,562,29.03,55.43,TRUE,Chr-3,0.74
YIL048W,1151,21.54,47.93,FALSE,Chr-1,0.57
YDL204W,393,2.89,15.03,FALSE,Chr-2,0.8
YNR008W,661,50.25,45.42,TRUE,Chr4,0.66
YMR300C,510,166.37,167.72,TRUE,Chr-3,0.55
YHR200W,268,266.75,234.32,FALSE,Chr4,0.63
YOL112W,492,8.31,21.61,TRUE,Chr-3,0.66
YCR067C,1065,44.03,64.23,TRUE,Chr-1,0.6
YOR260W,578,95.98,154.37,FALSE,Chr-2,0.61
YMR136W,560,15.68,15.82,FALSE,Chr-3,0.62
YEL061C,1000,16.74,41,FALSE,Chr-3,0.67
YIL006W,373,3.49,8.71,TRUE,Chr4,0.73
YGR210C,411,92.93,114,FALSE,Chr-1,0.6
YLR362W,717,17.11,22.31,TRUE,Chr-3,0.51
YKR055W,291,27.07,23.34,FALSE,Chr-3,0.77
YHR038W,230,38.96,26.11,FALSE,Chr-1,0.56
YCR051W,222,186.08,152.08,TRUE,Chr-1,0.77
YDR026C,570,11.97,39.2,TRUE,Chr4,0.71
YHR152W,173,126.4,82.5,FALSE,Chr4,0.79
YGL084C,560,56.03,80.5,FALSE,Chr4,0.72
YDL027C,420,11.12,26.83,FALSE,Chr-3,0.72
YCL017C,497,134.14,144.18,TRUE,Chr-1,0.58
YIL040W,138,69.63,66.33,TRUE,Chr-2,0.7
YAL015C,399,13.4,23.07,FALSE,Chr-2,0.79
YBR171W,206,160.12,144.06,TRUE,Chr-2,0.57
YHR194W,579,3.56,17.94,TRUE,Chr-1,0.78
YGL067W,384,47.13,69.72,FALSE,Chr-3,0.63
YGR262C,261,55.85,50.72,TRUE,Chr-3,0.64
YOL021C,1001,68.9,91.35,TRUE,Chr-1,0.71
YDR416W,859,13.68,26.47,TRUE,Chr-2,0.66
YBR017C,918,81.31,135.64,FALSE,Chr-3,0.61
YLR258W,705,58.59,85.93,FALSE,Chr-1,0.64
YLR347C,861,133.71,163.31,FALSE,Chr4,0.66
YIL079C,360,38.39,49.35,TRUE,Chr4,0.59
YGR049W,187,59.07,41.32,TRUE,Chr4,0.5
YHR103W,852,31.58,83.76,TRUE,Chr-2,0.74
YLR429W,651,156.51,150.37,TRUE,Chr4,0.6
YOL062C,491,24.07,68.56,TRUE,Chr-3,0.78
YGR082W,183,239.65,169.43,TRUE,Chr-2,0.58
YBR246W,387,25.43,46.04,FALSE,Chr4,0.55
YPL048W,415,549.13,455.39,TRUE,Chr4,0.71
YLR357W,889,33.9,47.72,TRUE,Chr-1,0.62
YJL162C,583,9.59,15.62,TRUE,Chr-2,0.61
YBR170C,580,65.89,70.94,TRUE,Chr4,0.7
YNR011C,876,16.52,31.69,TRUE,Chr-3,0.78
YDL029W,391,227.51,275.66,TRUE,Chr-2,0.51
YDR226W,222,1963.77,1347.21,TRUE,Chr-2,0.7
YPL184C,612,66.55,113.23,FALSE,Chr-1,0.59
YNL168C,259,100.84,101.85,TRUE,Chr4,0.61
YOR151C,1224,126.04,245.92,FALSE,Chr-1,0.62
YDL176W,708,5.71,20.37,FALSE,Chr4,0.55
YGR057C,242,11.46,27.86,TRUE,Chr-2,0.5
YDL058W,1790,43.63,86.8,FALSE,Chr-1,0.68
YDR117C,565,48.56,53.05,FALSE,Chr-3,0.56
YPL005W,606,3.18,11.21,FALSE,Chr-2,0.77
YDR373W,190,124.33,118.89,TRUE,Chr-3,0.76
YDR285W,875,1.84,6.92,TRUE,Chr-1,0.78
YHR012W,282,75.61,85.69,TRUE,Chr-3,0.68
YLR281C,155,6.77,7.62,FALSE,Chr-2,0.56
YFR052W,274,218.11,189.68,FALSE,Chr4,0.62
YIL002WA,69,281.32,234.66,FALSE,Chr4,0.55
YHR088W,295,98.31,47.71,FALSE,Chr-1,0.58
YGR112W,389,15.01,20.24,TRUE,Chr4,0.76
YBR046C,334,81.86,52.01,TRUE,Chr-1,0.72
YBR088C,258,279.53,176.64,TRUE,Chr-2,0.78
YGR232W,228,106.34,106.63,TRUE,Chr-2,0.75
YLR088W,614,53,77.43,TRUE,Chr-2,0.6
YGL206C,1653,341.45,404.14,TRUE,Chr-2,0.67
YJR045C,654,1675.73,1245.36,TRUE,Chr4,0.65
YDR036C,500,49.33,62.7,TRUE,Chr-3,0.68
YGL250W,241,12.74,7.35,FALSE,Chr4,0.73
YGL095C,577,27.88,43.76,TRUE,Chr4,0.59
YDL033C,417,7.43,20.65,FALSE,Chr-1,0.7
YDR517W,372,81.88,109.15,TRUE,Chr-2,0.59
YGL115W,322,94.69,143.37,TRUE,Chr-2,0.51
YHR190W,444,259.86,213.27,FALSE,Chr-2,0.57
YNL201C,858,28.51,55.98,FALSE,Chr-3,0.78
YMR167W,769,12.17,21.63,TRUE,Chr-2,0.57
YMR313C,642,16.9,41.17,FALSE,Chr-3,0.79
YCR011C,1049,68.79,106.73,TRUE,Chr4,0.56
YNR014W,212,12.99,6.96,TRUE,Chr-2,0.66
YMR201C,371,15.44,18.31,TRUE,Chr-3,0.63
YDL215C,1092,29.87,47.05,TRUE,Chr-2,0.52
YDL153C,610,102.77,58.33,TRUE,Chr-1,0.79
YKL138C,131,98.97,87.91,TRUE,Chr4,0.65
YGL197W,1487,16.98,58.45,FALSE,Chr-2,0.73
YFL042C,674,20.11,30.3,TRUE,Chr-1,0.59
YMR192W,720,23.98,30.42,TRUE,Chr-3,0.65
YNL254C,401,9.65,20.99,FALSE,Chr-2,0.62
YPL066W,479,9.2,42.64,FALSE,Chr-2,0.62
YJR120W,116,11.23,84.43,FALSE,Chr-2,0.7
YDR462W,147,111.07,64.95,TRUE,Chr-2,0.71
YGL196W,428,40.3,55.08,FALSE,Chr-2,0.6
YGR175C,496,558.69,445.72,TRUE,Chr-2,0.61
YGR040W,368,23.1,44.8,FALSE,Chr-2,0.7
YEL029C,312,20.21,38.8,FALSE,Chr-3,0.62
YOR289W,251,13.45,14.71,TRUE,Chr4,0.79
YGR065C,593,20.94,38.59,TRUE,Chr-1,0.58
YLR312WA,253,59.77,60.69,TRUE,Chr-1,0.65
YER057C,129,439.52,274.69,TRUE,Chr-2,0.57
YLR237W,598,13.54,33.91,TRUE,Chr-1,0.55
YIL109C,926,155.34,197.02,TRUE,Chr4,0.79
YLR100W,347,223.48,229.91,TRUE,Chr-3,0.65
YPL155C,706,15.82,26.7,TRUE,Chr4,0.53
YLR201C,260,39.87,45.05,TRUE,Chr-1,0.53
YMR019W,949,7.46,27.49,FALSE,Chr4,0.65
YCL035C,110,589.18,255.92,FALSE,Chr-1,0.66
YDL115C,353,32.05,26.63,TRUE,Chr-3,0.67
YGR271W,1967,17.53,44.91,TRUE,Chr-1,0.58
YNL055C,283,1608.55,908.48,TRUE,Chr-1,0.79
YOR291W,1472,15.85,43.06,TRUE,Chr-2,0.53
YIL063C,327,111.39,98.73,TRUE,Chr-3,0.55
YJR119C,728,4.27,8.79,TRUE,Chr4,0.76
YHR181W,228,74.99,83.32,FALSE,Chr-2,0.53
YMR307W,559,1220.71,1301.17,FALSE,Chr-3,0.72
YDL132W,815,60.58,98.61,FALSE,Chr-1,0.66
YHR045W,560,25.74,53.08,FALSE,Chr-1,0.66
YER026C,276,234.09,201.85,TRUE,Chr4,0.56
YNL229C,354,83.66,60.75,FALSE,Chr-1,0.76
YEL042W,518,160.15,188.79,TRUE,Chr4,0.6
YJL116C,337,3.67,4.24,TRUE,Chr4,0.56
YDR075W,308,34.04,36.75,TRUE,Chr-1,0.57
YIL150C,571,11.65,18.96,TRUE,Chr-1,0.54
YDR020C,232,25.61,32.24,FALSE,Chr-3,0.57
YMR068W,426,4.17,9.7,FALSE,Chr-2,0.5
YMR299C,312,10.2,26.5,TRUE,Chr4,0.65
YDR144C,596,80.25,123.37,TRUE,Chr-1,0.63
YDR214W,350,271.69,218.66,FALSE,Chr-2,0.78
YDL141W,690,38.52,66.76,FALSE,Chr-1,0.55
YLR063W,365,23.73,22.79,FALSE,Chr-1,0.74
YDR515W,447,30.66,31.49,FALSE,Chr-2,0.76
YLR206W,613,73.4,98.51,FALSE,Chr-2,0.73
YDL013W,619,14.89,29.58,FALSE,Chr-2,0.5
YDL047W,311,79.25,84.19,TRUE,Chr4,0.59
YNL259C,73,221.53,170.57,TRUE,Chr4,0.57
YLR056W,365,587.61,636.7,TRUE,Chr4,0.77
YOL144W,484,37.98,27.35,TRUE,Chr-3,0.55
YNL214W,199,21.94,24.48,FALSE,Chr-1,0.71
YHR143WA,70,632.36,296.7,FALSE,Chr-3,0.61
YHR001W,437,73.49,74.89,FALSE,Chr-2,0.73
YDR293C,1250,67.82,133.51,FALSE,Chr4,0.8
YGR206W,101,45.55,47.75,FALSE,Chr-3,0.7
YIL158W,204,41.29,74.55,TRUE,Chr-1,0.8
YGR248W,255,18.37,15.05,FALSE,Chr4,0.68
YML103C,1655,43.5,95.87,TRUE,Chr-1,0.8
YBR161W,376,22.75,31.28,TRUE,Chr-1,0.68
YMR005W,388,48.19,52.89,TRUE,Chr-2,0.52
YNL106C,1183,10.2,22.84,FALSE,Chr-1,0.53
YPR079W,381,33.76,30.49,TRUE,Chr-2,0.68
YBL059W,193,17.46,22.95,FALSE,Chr4,0.69
YBL023C,868,38.37,45.47,FALSE,Chr-3,0.58
YCR020CA,88,86.14,83.89,FALSE,Chr4,0.57
YOR221C,360,34.16,46.62,TRUE,Chr-2,0.5
YLR270W,350,107.57,76.21,TRUE,Chr-3,0.55
YGL254W,299,23.32,24.85,TRUE,Chr4,0.78
YKR091W,246,11.9,13.6,TRUE,Chr4,0.67
YJR074W,218,62.5,59.83,FALSE,Chr-2,0.51
YDR023W,462,940.31,762.2,TRUE,Chr-2,0.77
YER149C,420,25.96,46.29,TRUE,Chr4,0.64
YNL241C,505,278.63,319.17,TRUE,Chr4,0.64
YDR350C,684,4.06,19.93,FALSE,Chr-2,0.53
YGL022W,718,129.99,280.9,TRUE,Chr4,0.75
YKL133C,463,2.42,12.54,FALSE,Chr4,0.75
YKL053CA,86,135.61,97.29,FALSE,Chr-3,0.52
YNL310C,174,82.29,64.49,TRUE,Chr4,0.75
YBL067C,747,21.72,71.68,TRUE,Chr-1,0.59
YMR318C,360,427.31,323.59,TRUE,Chr-1,0.77
YPL147W,870,1.89,6.79,FALSE,Chr-1,0.79
YPL069C,335,14.56,28.5,FALSE,Chr-2,0.62
YMR213W,590,15.13,20.35,FALSE,Chr-3,0.66
YKL100C,587,52.55,88.29,TRUE,Chr-1,0.62
YPL019C,835,427.35,591.47,TRUE,Chr-2,0.7
YPR043W,92,7625.08,4712.89,TRUE,Chr-2,0.68
YGL225W,337,301.04,286.53,TRUE,Chr-2,0.67
YOL117W,645,8.32,17.02,FALSE,Chr4,0.6
YOR236W,211,54.38,64.84,TRUE,Chr-3,0.72
YOL149W,231,68.3,64.77,TRUE,Chr-3,0.77
YLR305C,1900,25.75,89.18,TRUE,Chr-3,0.62
YIL146C,529,4.01,15.63,FALSE,Chr4,0.68
YHR052W,376,176.86,143.46,FALSE,Chr-1,0.8
YOL028C,245,34.33,45.6,TRUE,Chr-2,0.77
YJR002W,593,75.27,99.51,TRUE,Chr-3,0.64
YKR066C,361,160.65,163.46,TRUE,Chr-1,0.76
YLL033W,230,8.2,14.34,FALSE,Chr-3,0.69
YMR270C,365,11.48,42.74,TRUE,Chr-3,0.56
YDL076C,294,38.35,44.86,FALSE,Chr-2,0.75
YEL002C,430,242.71,242.3,TRUE,Chr-3,0.52
YJR031C,1408,18.48,51.42,FALSE,Chr-2,0.65
YPR134W,268,14.22,24.97,FALSE,Chr-2,0.66
YDL056W,833,18.46,34.33,TRUE,Chr-1,0.54
YDL200C,188,26.26,33.77,TRUE,Chr-3,0.79
YLR424W,708,8.94,15.92,TRUE,Chr-1,0.56
YJL024C,194,68.97,50.99,FALSE,Chr4,0.8
YMR015C,538,181.99,164.11,FALSE,Chr4,0.66
YKR026C,305,105.36,98.27,FALSE,Chr4,0.52
YGR124W,572,700.59,717.41,TRUE,Chr-1,0.65
YKR022C,322,12.9,32.86,TRUE,Chr-3,0.55
YER059W,420,30.27,35.97,FALSE,Chr-2,0.5
YFL023W,796,35.02,36.48,TRUE,Chr-2,0.74
YDL002C,203,68.68,51.4,FALSE,Chr-2,0.59
YER041W,759,2.25,16.28,FALSE,Chr-1,0.59
YER137C,148,16.68,18.95,TRUE,Chr4,0.79
YOL146W,194,35,34.25,FALSE,Chr-1,0.65
YPL041C,207,8.7,15.45,TRUE,Chr-2,0.56
YER007W,518,7.23,9.79,TRUE,Chr-3,0.51
YPR010C,1203,198.01,314.81,TRUE,Chr-3,0.76
YLR168C,230,21.3,46.65,TRUE,Chr-1,0.7
YNL298W,842,20.91,37.17,TRUE,Chr-3,0.65
YNL025C,323,12.04,27.12,TRUE,Chr4,0.51
YDR463W,519,67.95,65.72,FALSE,Chr-1,0.64
YNL111C,120,352.3,172.25,TRUE,Chr-3,0.71
YNL097C,330,22.17,29.38,TRUE,Chr-1,0.77
YKL043W,366,26.06,59.03,FALSE,Chr-1,0.6
YER120W,244,735.19,415.3,TRUE,Chr-1,0.79
YIL091C,721,50.52,62.87,TRUE,Chr-2,0.79
YJL172W,576,218.65,221.21,FALSE,Chr4,0.69
YHL031C,223,86.58,53.41,TRUE,Chr-1,0.62
YDR167W,206,110.93,64.51,TRUE,Chr-1,0.67
YOL138C,1341,6.77,23.12,FALSE,Chr-3,0.6
YIL019W,346,46.76,33.71,TRUE,Chr-1,0.54
YML020W,664,8.99,18.97,FALSE,Chr-3,0.66
YCR016W,290,82.82,60.76,FALSE,Chr-1,0.65
YBR216C,674,24.99,37.09,TRUE,Chr-2,0.77
YLR257W,321,220.59,193.79,TRUE,Chr4,0.6
YOL127W,142,9280.85,7019.06,TRUE,Chr4,0.61
YDL212W,210,260.83,280.06,TRUE,Chr4,0.78
YPL049C,452,65.01,83.95,TRUE,Chr-2,0.53
YNL280C,438,104.58,145.29,TRUE,Chr-2,0.76
YPR157W,467,1.97,6.32,FALSE,Chr-1,0.66
YEL017CA,43,3762.23,1871.32,TRUE,Chr-2,0.65
YBR204C,375,23.7,33.6,TRUE,Chr-3,0.73
YHR143W,325,399.57,304.83,TRUE,Chr-1,0.56
YGL029W,120,158.25,71.77,TRUE,Chr-3,0.76
YLR244C,387,377.49,277.23,TRUE,Chr-2,0.63
YMR104C,677,8.41,16.21,FALSE,Chr-3,0.53
YJR112WA,109,25.62,33.41,FALSE,Chr-2,0.53
YDL001W,430,23.63,24.95,TRUE,Chr-2,0.51
YNL291C,548,20.36,50.47,FALSE,Chr-1,0.69
YDR476C,224,78.21,83.05,TRUE,Chr-3,0.73
YJL059W,408,11.13,24.37,FALSE,Chr-1,0.57
YER055C,297,418.19,522.48,TRUE,Chr4,0.77
YHR108W,585,159.68,177.76,TRUE,Chr-1,0.71
YJL197W,1254,22.52,54.12,TRUE,Chr-1,0.69
YGL142C,616,15.71,39.95,TRUE,Chr-1,0.68
YDR459C,374,4.54,26.84,FALSE,Chr-1,0.76
YDR191W,370,11.35,12.37,TRUE,Chr4,0.58
YOR375C,454,628.54,531.61,TRUE,Chr-1,0.69
YCR093W,2108,58.41,139.22,TRUE,Chr-1,0.73
YBL064C,261,132.34,116.34,TRUE,Chr-2,0.75
YDR458C,663,24.7,39.94,TRUE,Chr-1,0.76
YLL035W,632,15.25,29.36,TRUE,Chr-3,0.52
YGR004W,462,19.23,29.29,TRUE,Chr-3,0.55
YGR092W,572,40.71,46.38,FALSE,Chr-1,0.76
YDR296W,226,79.67,73.61,TRUE,Chr-3,0.53
YML015C,346,24.01,29.44,FALSE,Chr4,0.64
YDL120W,174,114.05,118.23,TRUE,Chr-2,0.61
YNR044W,725,41.14,31.7,FALSE,Chr-2,0.71
YMR152W,365,74.98,68.09,TRUE,Chr-1,0.69
YDR520C,772,8.95,16.83,FALSE,Chr-1,0.5
YMR253C,414,20.42,25.44,FALSE,Chr4,0.56
YLR126C,251,52.76,62.94,FALSE,Chr-1,0.62
YOR359W,523,23.46,29.55,FALSE,Chr-3,0.7
YDR320CA,72,118.24,117.57,TRUE,Chr4,0.5
YHR170W,518,131.17,153.92,TRUE,Chr-2,0.68
YNL215W,320,62.5,25.07,FALSE,Chr-2,0.71
YEL034W,157,8062.64,4073.58,FALSE,Chr-2,0.64
YGL143C,413,13.87,24.91,FALSE,Chr-2,0.5
YFR003C,155,110.48,71.44,FALSE,Chr-2,0.61
YDR319C,274,19.96,26.4,TRUE,Chr4,0.74
YEL001C,225,308.43,275.39,FALSE,Chr-2,0.59
YNL264C,350,51.59,62.01,FALSE,Chr-3,0.67
YNL048W,548,31.57,51.91,TRUE,Chr-1,0.75
YML043C,507,5.32,20,FALSE,Chr-3,0.59
YOR281C,286,107.27,112.54,FALSE,Chr-2,0.78
YIL013C,1411,0.9,4.53,FALSE,Chr-2,0.72
YNL079C,199,1294.77,617.29,TRUE,Chr-3,0.65
YCR033W,1226,15.01,50.66,FALSE,Chr-2,0.72
YPR006C,575,9.97,16.86,FALSE,Chr-3,0.63
YHR163W,249,157.48,226.9,TRUE,Chr4,0.71
YIL020C,261,66.95,49.78,FALSE,Chr-1,0.58
YLR149C,730,3.67,5.93,FALSE,Chr-1,0.66
YOR385W,290,16.02,16.12,TRUE,Chr-1,0.8
YLL018CA,98,38.48,39.67,FALSE,Chr-2,0.66
YOR117W,434,244.29,224.64,TRUE,Chr-3,0.79
YDR314C,692,3.35,17.57,TRUE,Chr-2,0.67
YCR028C,512,24.93,41.14,TRUE,Chr-2,0.55
YLR187W,1026,23.84,31.71,TRUE,Chr-1,0.59
YMR132C,208,18.97,19.17,TRUE,Chr-2,0.6
YER033C,1076,6.5,15.64,FALSE,Chr-3,0.79
YJR123W,225,9084.91,6518.28,TRUE,Chr-1,0.68
YHR119W,1080,14.64,46.3,FALSE,Chr-1,0.6
YOR204W,604,772.57,666.85,TRUE,Chr-2,0.72
YER174C,244,49.81,59.7,FALSE,Chr4,0.51
YPL109C,657,4.8,14.16,FALSE,Chr-1,0.66
YPL024W,241,14.62,34.92,TRUE,Chr-3,0.69
YEL060C,635,105.91,96.8,TRUE,Chr-1,0.51
YLR028C,591,183.51,209.27,TRUE,Chr-1,0.77
YOL115W,584,28.94,53.43,TRUE,Chr-3,0.77
YKR078W,585,9.44,17.33,FALSE,Chr-3,0.77
YHR091C,643,6.57,26.33,TRUE,Chr-3,0.79
YDR479C,554,12.9,25.76,FALSE,Chr-3,0.8
YOR315W,346,68.95,102.41,FALSE,Chr-2,0.6
YPL076W,280,11.25,15.64,TRUE,Chr4,0.54
YBR213W,274,18.7,16.7,FALSE,Chr-3,0.7
